id_regla,antecedentes,consecuente,soporte,confianza,lift,num_condiciones,regla_texto
1,"alcohol=Alto, density=Bajo, fixed acidity=Alto",calidad_categoria=Alta,0.0211,0.6279,4.6155,3,SI alcohol=Alto Y density=Bajo Y fixed acidity=Alto ENTONCES calidad_categoria=Alta
2,"free sulfur dioxide=Alto, pH=Bajo, volatile acidity=Alto",calidad_categoria=Baja,0.0281,0.9474,2.0364,3,SI free sulfur dioxide=Alto Y pH=Bajo Y volatile acidity=Alto ENTONCES calidad_categoria=Baja
3,"fixed acidity=Alto, sulphates=Bajo, total sulfur dioxide=Alto",calidad_categoria=Baja,0.0219,0.9333,2.0063,3,SI fixed acidity=Alto Y sulphates=Bajo Y total sulfur dioxide=Alto ENTONCES calidad_categoria=Baja
4,"fixed acidity=Alto, free sulfur dioxide=Alto, sulphates=Bajo",calidad_categoria=Baja,0.0203,0.9286,1.996,3,SI fixed acidity=Alto Y free sulfur dioxide=Alto Y sulphates=Bajo ENTONCES calidad_categoria=Baja
5,"alcohol=Bajo, density=Bajo, residual sugar=Bajo",calidad_categoria=Baja,0.0297,0.9268,1.9923,3,SI alcohol=Bajo Y density=Bajo Y residual sugar=Bajo ENTONCES calidad_categoria=Baja
6,"alcohol=Bajo, sulphates=Bajo, total sulfur dioxide=Bajo",calidad_categoria=Baja,0.0375,0.9231,1.9842,3,SI alcohol=Bajo Y sulphates=Bajo Y total sulfur dioxide=Bajo ENTONCES calidad_categoria=Baja
7,"alcohol=Bajo, free sulfur dioxide=Alto, volatile acidity=Alto",calidad_categoria=Baja,0.0367,0.9216,1.981,3,SI alcohol=Bajo Y free sulfur dioxide=Alto Y volatile acidity=Alto ENTONCES calidad_categoria=Baja
8,"alcohol=Bajo, citric acid=Alto, sulphates=Bajo",calidad_categoria=Baja,0.0235,0.9091,1.9542,3,SI alcohol=Bajo Y citric acid=Alto Y sulphates=Bajo ENTONCES calidad_categoria=Baja
9,"alcohol=Bajo, fixed acidity=Alto, sulphates=Bajo",calidad_categoria=Baja,0.0305,0.907,1.9496,3,SI alcohol=Bajo Y fixed acidity=Alto Y sulphates=Bajo ENTONCES calidad_categoria=Baja
10,"chlorides=Alto, sulphates=Bajo, total sulfur dioxide=Alto",calidad_categoria=Baja,0.0297,0.9048,1.9449,3,SI chlorides=Alto Y sulphates=Bajo Y total sulfur dioxide=Alto ENTONCES calidad_categoria=Baja
11,"density=Bajo, sulphates=Medio, total sulfur dioxide=Medio",calidad_categoria=Media,0.0242,0.775,1.9436,3,SI density=Bajo Y sulphates=Medio Y total sulfur dioxide=Medio ENTONCES calidad_categoria=Media
12,"alcohol=Bajo, free sulfur dioxide=Alto, pH=Bajo",calidad_categoria=Baja,0.0508,0.9028,1.9406,3,SI alcohol=Bajo Y free sulfur dioxide=Alto Y pH=Bajo ENTONCES calidad_categoria=Baja
13,"alcohol=Bajo, pH=Bajo, volatile acidity=Alto",calidad_categoria=Baja,0.043,0.9016,1.9381,3,SI alcohol=Bajo Y pH=Bajo Y volatile acidity=Alto ENTONCES calidad_categoria=Baja
14,"alcohol=Bajo, pH=Bajo, sulphates=Bajo",calidad_categoria=Baja,0.0493,0.9,1.9346,3,SI alcohol=Bajo Y pH=Bajo Y sulphates=Bajo ENTONCES calidad_categoria=Baja
15,"alcohol=Bajo, density=Bajo, sulphates=Bajo",calidad_categoria=Baja,0.0281,0.9,1.9346,3,SI alcohol=Bajo Y density=Bajo Y sulphates=Bajo ENTONCES calidad_categoria=Baja
16,"pH=Bajo, residual sugar=Bajo, volatile acidity=Alto",calidad_categoria=Baja,0.0274,0.8974,1.9291,3,SI pH=Bajo Y residual sugar=Bajo Y volatile acidity=Alto ENTONCES calidad_categoria=Baja
17,"alcohol=Bajo, density=Alto, sulphates=Bajo",calidad_categoria=Baja,0.0532,0.8947,1.9233,3,SI alcohol=Bajo Y density=Alto Y sulphates=Bajo ENTONCES calidad_categoria=Baja
18,"chlorides=Medio, density=Bajo, residual sugar=Medio",calidad_categoria=Media,0.0203,0.7647,1.9178,3,SI chlorides=Medio Y density=Bajo Y residual sugar=Medio ENTONCES calidad_categoria=Media
19,"density=Medio, pH=Bajo, volatile acidity=Alto",calidad_categoria=Baja,0.0321,0.8913,1.9159,3,SI density=Medio Y pH=Bajo Y volatile acidity=Alto ENTONCES calidad_categoria=Baja
20,"alcohol=Bajo, density=Bajo",calidad_categoria=Baja,0.0375,0.8889,1.9107,2,SI alcohol=Bajo Y density=Bajo ENTONCES calidad_categoria=Baja
21,"density=Alto, fixed acidity=Medio, sulphates=Bajo",calidad_categoria=Baja,0.025,0.8889,1.9107,3,SI density=Alto Y fixed acidity=Medio Y sulphates=Bajo ENTONCES calidad_categoria=Baja
22,"alcohol=Bajo, citric acid=Medio, volatile acidity=Alto",calidad_categoria=Baja,0.0422,0.8852,1.9029,3,SI alcohol=Bajo Y citric acid=Medio Y volatile acidity=Alto ENTONCES calidad_categoria=Baja
23,"citric acid=Medio, free sulfur dioxide=Alto, volatile acidity=Alto",calidad_categoria=Baja,0.0297,0.8837,1.8996,3,SI citric acid=Medio Y free sulfur dioxide=Alto Y volatile acidity=Alto ENTONCES calidad_categoria=Baja
24,"alcohol=Bajo, chlorides=Alto, sulphates=Bajo",calidad_categoria=Baja,0.0453,0.8788,1.889,3,SI alcohol=Bajo Y chlorides=Alto Y sulphates=Bajo ENTONCES calidad_categoria=Baja
25,"alcohol=Bajo, citric acid=Medio, fixed acidity=Alto",calidad_categoria=Baja,0.0227,0.8788,1.889,3,SI alcohol=Bajo Y citric acid=Medio Y fixed acidity=Alto ENTONCES calidad_categoria=Baja
26,"alcohol=Bajo, total sulfur dioxide=Alto, volatile acidity=Alto",calidad_categoria=Baja,0.0508,0.8784,1.8881,3,SI alcohol=Bajo Y total sulfur dioxide=Alto Y volatile acidity=Alto ENTONCES calidad_categoria=Baja
27,"alcohol=Bajo, residual sugar=Alto, sulphates=Bajo",calidad_categoria=Baja,0.0438,0.875,1.8809,3,SI alcohol=Bajo Y residual sugar=Alto Y sulphates=Bajo ENTONCES calidad_categoria=Baja
28,"fixed acidity=Medio, pH=Bajo, volatile acidity=Alto",calidad_categoria=Baja,0.0328,0.875,1.8809,3,SI fixed acidity=Medio Y pH=Bajo Y volatile acidity=Alto ENTONCES calidad_categoria=Baja
29,"density=Bajo, free sulfur dioxide=Medio, sulphates=Medio",calidad_categoria=Media,0.0305,0.75,1.8809,3,SI density=Bajo Y free sulfur dioxide=Medio Y sulphates=Medio ENTONCES calidad_categoria=Media
30,"alcohol=Bajo, density=Bajo, fixed acidity=Bajo",calidad_categoria=Baja,0.0266,0.8718,1.874,3,SI alcohol=Bajo Y density=Bajo Y fixed acidity=Bajo ENTONCES calidad_categoria=Baja
31,"alcohol=Bajo, chlorides=Medio, volatile acidity=Alto",calidad_categoria=Baja,0.0313,0.8696,1.8692,3,SI alcohol=Bajo Y chlorides=Medio Y volatile acidity=Alto ENTONCES calidad_categoria=Baja
32,"alcohol=Alto, free sulfur dioxide=Medio, sulphates=Medio",calidad_categoria=Media,0.0297,0.7451,1.8686,3,SI alcohol=Alto Y free sulfur dioxide=Medio Y sulphates=Medio ENTONCES calidad_categoria=Media
33,"alcohol=Bajo, free sulfur dioxide=Bajo, sulphates=Bajo",calidad_categoria=Baja,0.0414,0.8689,1.8677,3,SI alcohol=Bajo Y free sulfur dioxide=Bajo Y sulphates=Bajo ENTONCES calidad_categoria=Baja
34,"alcohol=Bajo, fixed acidity=Medio, volatile acidity=Alto",calidad_categoria=Baja,0.0516,0.8684,1.8667,3,SI alcohol=Bajo Y fixed acidity=Medio Y volatile acidity=Alto ENTONCES calidad_categoria=Baja
35,"density=Alto, sulphates=Bajo, total sulfur dioxide=Alto",calidad_categoria=Baja,0.036,0.8679,1.8657,3,SI density=Alto Y sulphates=Bajo Y total sulfur dioxide=Alto ENTONCES calidad_categoria=Baja
36,"alcohol=Alto, fixed acidity=Medio, free sulfur dioxide=Alto",calidad_categoria=Media,0.0227,0.7436,1.8648,3,SI alcohol=Alto Y fixed acidity=Medio Y free sulfur dioxide=Alto ENTONCES calidad_categoria=Media
37,"pH=Bajo, sulphates=Bajo, volatile acidity=Alto",calidad_categoria=Baja,0.0305,0.8667,1.863,3,SI pH=Bajo Y sulphates=Bajo Y volatile acidity=Alto ENTONCES calidad_categoria=Baja
38,"chlorides=Alto, density=Alto, sulphates=Bajo",calidad_categoria=Baja,0.0305,0.8667,1.863,3,SI chlorides=Alto Y density=Alto Y sulphates=Bajo ENTONCES calidad_categoria=Baja
39,"pH=Alto, residual sugar=Alto, sulphates=Bajo",calidad_categoria=Baja,0.0305,0.8667,1.863,3,SI pH=Alto Y residual sugar=Alto Y sulphates=Bajo ENTONCES calidad_categoria=Baja
40,"citric acid=Medio, fixed acidity=Alto, volatile acidity=Alto",calidad_categoria=Baja,0.025,0.8649,1.8591,3,SI citric acid=Medio Y fixed acidity=Alto Y volatile acidity=Alto ENTONCES calidad_categoria=Baja
41,"alcohol=Bajo, citric acid=Medio, sulphates=Bajo",calidad_categoria=Baja,0.0594,0.8636,1.8565,3,SI alcohol=Bajo Y citric acid=Medio Y sulphates=Bajo ENTONCES calidad_categoria=Baja
42,"alcohol=Bajo, chlorides=Alto, free sulfur dioxide=Alto",calidad_categoria=Baja,0.0446,0.8636,1.8565,3,SI alcohol=Bajo Y chlorides=Alto Y free sulfur dioxide=Alto ENTONCES calidad_categoria=Baja
43,"density=Alto, free sulfur dioxide=Alto, sulphates=Bajo",calidad_categoria=Baja,0.0289,0.8605,1.8496,3,SI density=Alto Y free sulfur dioxide=Alto Y sulphates=Bajo ENTONCES calidad_categoria=Baja
44,"alcohol=Alto, sulphates=Medio, total sulfur dioxide=Medio",calidad_categoria=Media,0.0219,0.7368,1.8479,3,SI alcohol=Alto Y sulphates=Medio Y total sulfur dioxide=Medio ENTONCES calidad_categoria=Media
45,"pH=Bajo, total sulfur dioxide=Alto, volatile acidity=Alto",calidad_categoria=Baja,0.0375,0.8571,1.8425,3,SI pH=Bajo Y total sulfur dioxide=Alto Y volatile acidity=Alto ENTONCES calidad_categoria=Baja
46,"alcohol=Bajo, pH=Bajo, total sulfur dioxide=Alto",calidad_categoria=Baja,0.061,0.8571,1.8425,3,SI alcohol=Bajo Y pH=Bajo Y total sulfur dioxide=Alto ENTONCES calidad_categoria=Baja
47,"citric acid=Bajo, residual sugar=Alto, sulphates=Bajo",calidad_categoria=Baja,0.0414,0.8548,1.8375,3,SI citric acid=Bajo Y residual sugar=Alto Y sulphates=Bajo ENTONCES calidad_categoria=Baja
48,"alcohol=Bajo, fixed acidity=Medio, sulphates=Bajo",calidad_categoria=Baja,0.0579,0.8506,1.8284,3,SI alcohol=Bajo Y fixed acidity=Medio Y sulphates=Bajo ENTONCES calidad_categoria=Baja
49,"alcohol=Bajo, free sulfur dioxide=Alto, residual sugar=Alto",calidad_categoria=Baja,0.0438,0.8485,1.8239,3,SI alcohol=Bajo Y free sulfur dioxide=Alto Y residual sugar=Alto ENTONCES calidad_categoria=Baja
50,"alcohol=Alto, free sulfur dioxide=Alto, residual sugar=Medio",calidad_categoria=Media,0.025,0.7273,1.8239,3,SI alcohol=Alto Y free sulfur dioxide=Alto Y residual sugar=Medio ENTONCES calidad_categoria=Media
51,"chlorides=Alto, total sulfur dioxide=Alto, volatile acidity=Alto",calidad_categoria=Baja,0.0516,0.8462,1.8189,3,SI chlorides=Alto Y total sulfur dioxide=Alto Y volatile acidity=Alto ENTONCES calidad_categoria=Baja
52,"alcohol=Alto, residual sugar=Bajo, total sulfur dioxide=Medio",calidad_categoria=Media,0.0227,0.725,1.8182,3,SI alcohol=Alto Y residual sugar=Bajo Y total sulfur dioxide=Medio ENTONCES calidad_categoria=Media
53,"residual sugar=Alto, sulphates=Bajo, volatile acidity=Alto",calidad_categoria=Baja,0.0469,0.8451,1.8165,3,SI residual sugar=Alto Y sulphates=Bajo Y volatile acidity=Alto ENTONCES calidad_categoria=Baja
54,"density=Alto, sulphates=Bajo, volatile acidity=Alto",calidad_categoria=Baja,0.0383,0.8448,1.816,3,SI density=Alto Y sulphates=Bajo Y volatile acidity=Alto ENTONCES calidad_categoria=Baja
55,"alcohol=Bajo, residual sugar=Medio, total sulfur dioxide=Alto",calidad_categoria=Baja,0.025,0.8421,1.8102,3,SI alcohol=Bajo Y residual sugar=Medio Y total sulfur dioxide=Alto ENTONCES calidad_categoria=Baja
56,"alcohol=Bajo, chlorides=Alto, pH=Bajo",calidad_categoria=Baja,0.0665,0.8416,1.8091,3,SI alcohol=Bajo Y chlorides=Alto Y pH=Bajo ENTONCES calidad_categoria=Baja
57,"alcohol=Bajo, citric acid=Medio, pH=Bajo",calidad_categoria=Baja,0.0453,0.8406,1.8069,3,SI alcohol=Bajo Y citric acid=Medio Y pH=Bajo ENTONCES calidad_categoria=Baja
58,"alcohol=Bajo, fixed acidity=Medio, free sulfur dioxide=Alto",calidad_categoria=Baja,0.0453,0.8406,1.8069,3,SI alcohol=Bajo Y fixed acidity=Medio Y free sulfur dioxide=Alto ENTONCES calidad_categoria=Baja
59,"alcohol=Bajo, fixed acidity=Alto, total sulfur dioxide=Alto",calidad_categoria=Baja,0.0328,0.84,1.8056,3,SI alcohol=Bajo Y fixed acidity=Alto Y total sulfur dioxide=Alto ENTONCES calidad_categoria=Baja
60,"chlorides=Alto, pH=Bajo, volatile acidity=Alto",calidad_categoria=Baja,0.0367,0.8393,1.8041,3,SI chlorides=Alto Y pH=Bajo Y volatile acidity=Alto ENTONCES calidad_categoria=Baja
61,"alcohol=Bajo, sulphates=Bajo, total sulfur dioxide=Alto",calidad_categoria=Baja,0.061,0.8387,1.8029,3,SI alcohol=Bajo Y sulphates=Bajo Y total sulfur dioxide=Alto ENTONCES calidad_categoria=Baja
62,"sulphates=Bajo, total sulfur dioxide=Alto, volatile acidity=Alto",calidad_categoria=Baja,0.0446,0.8382,1.8019,3,SI sulphates=Bajo Y total sulfur dioxide=Alto Y volatile acidity=Alto ENTONCES calidad_categoria=Baja
63,"sulphates=Bajo, total sulfur dioxide=Bajo, volatile acidity=Alto",calidad_categoria=Baja,0.0485,0.8378,1.801,3,SI sulphates=Bajo Y total sulfur dioxide=Bajo Y volatile acidity=Alto ENTONCES calidad_categoria=Baja
64,"alcohol=Bajo, free sulfur dioxide=Alto, sulphates=Bajo",calidad_categoria=Baja,0.0524,0.8375,1.8003,3,SI alcohol=Bajo Y free sulfur dioxide=Alto Y sulphates=Bajo ENTONCES calidad_categoria=Baja
65,"alcohol=Bajo, sulphates=Bajo, volatile acidity=Bajo",calidad_categoria=Baja,0.0281,0.8372,1.7996,3,SI alcohol=Bajo Y sulphates=Bajo Y volatile acidity=Bajo ENTONCES calidad_categoria=Baja
66,"citric acid=Medio, pH=Bajo, volatile acidity=Alto",calidad_categoria=Baja,0.0321,0.8367,1.7986,3,SI citric acid=Medio Y pH=Bajo Y volatile acidity=Alto ENTONCES calidad_categoria=Baja
67,"alcohol=Bajo, residual sugar=Alto, volatile acidity=Alto",calidad_categoria=Baja,0.0321,0.8367,1.7986,3,SI alcohol=Bajo Y residual sugar=Alto Y volatile acidity=Alto ENTONCES calidad_categoria=Baja
68,"alcohol=Bajo, fixed acidity=Alto, free sulfur dioxide=Alto",calidad_categoria=Baja,0.0321,0.8367,1.7986,3,SI alcohol=Bajo Y fixed acidity=Alto Y free sulfur dioxide=Alto ENTONCES calidad_categoria=Baja
69,"chlorides=Alto, free sulfur dioxide=Alto, volatile acidity=Alto",calidad_categoria=Baja,0.0321,0.8367,1.7986,3,SI chlorides=Alto Y free sulfur dioxide=Alto Y volatile acidity=Alto ENTONCES calidad_categoria=Baja
70,"chlorides=Medio, residual sugar=Alto, sulphates=Bajo",calidad_categoria=Baja,0.036,0.8364,1.7978,3,SI chlorides=Medio Y residual sugar=Alto Y sulphates=Bajo ENTONCES calidad_categoria=Baja
71,"free sulfur dioxide=Bajo, pH=Alto, sulphates=Bajo",calidad_categoria=Baja,0.036,0.8364,1.7978,3,SI free sulfur dioxide=Bajo Y pH=Alto Y sulphates=Bajo ENTONCES calidad_categoria=Baja
72,"alcohol=Bajo, density=Alto, free sulfur dioxide=Alto",calidad_categoria=Baja,0.0477,0.8356,1.7962,3,SI alcohol=Bajo Y density=Alto Y free sulfur dioxide=Alto ENTONCES calidad_categoria=Baja
73,"alcohol=Bajo, fixed acidity=Medio, pH=Bajo",calidad_categoria=Baja,0.0516,0.8354,1.7959,3,SI alcohol=Bajo Y fixed acidity=Medio Y pH=Bajo ENTONCES calidad_categoria=Baja
74,"alcohol=Bajo, chlorides=Alto, total sulfur dioxide=Alto",calidad_categoria=Baja,0.0633,0.8351,1.795,3,SI alcohol=Bajo Y chlorides=Alto Y total sulfur dioxide=Alto ENTONCES calidad_categoria=Baja
75,"alcohol=Bajo, sulphates=Bajo, volatile acidity=Alto",calidad_categoria=Baja,0.0633,0.8351,1.795,3,SI alcohol=Bajo Y sulphates=Bajo Y volatile acidity=Alto ENTONCES calidad_categoria=Baja
76,"alcohol=Bajo, sulphates=Bajo",calidad_categoria=Baja,0.1329,0.8333,1.7913,2,SI alcohol=Bajo Y sulphates=Bajo ENTONCES calidad_categoria=Baja
77,"density=Alto, sulphates=Bajo, total sulfur dioxide=Bajo",calidad_categoria=Baja,0.0235,0.8333,1.7913,3,SI density=Alto Y sulphates=Bajo Y total sulfur dioxide=Bajo ENTONCES calidad_categoria=Baja
78,"alcohol=Bajo, pH=Bajo, total sulfur dioxide=Medio",calidad_categoria=Baja,0.0235,0.8333,1.7913,3,SI alcohol=Bajo Y pH=Bajo Y total sulfur dioxide=Medio ENTONCES calidad_categoria=Baja
79,"alcohol=Bajo, chlorides=Bajo, sulphates=Bajo",calidad_categoria=Baja,0.0313,0.8333,1.7913,3,SI alcohol=Bajo Y chlorides=Bajo Y sulphates=Bajo ENTONCES calidad_categoria=Baja
80,"density=Bajo, free sulfur dioxide=Alto, sulphates=Alto",calidad_categoria=Media,0.0274,0.7143,1.7913,3,SI density=Bajo Y free sulfur dioxide=Alto Y sulphates=Alto ENTONCES calidad_categoria=Media
81,"alcohol=Alto, citric acid=Bajo, free sulfur dioxide=Alto",calidad_categoria=Media,0.0235,0.7143,1.7913,3,SI alcohol=Alto Y citric acid=Bajo Y free sulfur dioxide=Alto ENTONCES calidad_categoria=Media
82,"citric acid=Medio, sulphates=Bajo, volatile acidity=Alto",calidad_categoria=Baja,0.0383,0.8305,1.7852,3,SI citric acid=Medio Y sulphates=Bajo Y volatile acidity=Alto ENTONCES calidad_categoria=Baja
83,"citric acid=Alto, density=Alto, sulphates=Bajo",calidad_categoria=Baja,0.0266,0.8293,1.7826,3,SI citric acid=Alto Y density=Alto Y sulphates=Bajo ENTONCES calidad_categoria=Baja
84,"alcohol=Bajo, citric acid=Bajo, total sulfur dioxide=Alto",calidad_categoria=Baja,0.0227,0.8286,1.7811,3,SI alcohol=Bajo Y citric acid=Bajo Y total sulfur dioxide=Alto ENTONCES calidad_categoria=Baja
85,"alcohol=Bajo, sulphates=Bajo, volatile acidity=Medio",calidad_categoria=Baja,0.0414,0.8281,1.7801,3,SI alcohol=Bajo Y sulphates=Bajo Y volatile acidity=Medio ENTONCES calidad_categoria=Baja
86,"residual sugar=Alto, sulphates=Bajo, total sulfur dioxide=Bajo",calidad_categoria=Baja,0.0297,0.8261,1.7757,3,SI residual sugar=Alto Y sulphates=Bajo Y total sulfur dioxide=Bajo ENTONCES calidad_categoria=Baja
87,"density=Alto, free sulfur dioxide=Alto, volatile acidity=Alto",calidad_categoria=Baja,0.0297,0.8261,1.7757,3,SI density=Alto Y free sulfur dioxide=Alto Y volatile acidity=Alto ENTONCES calidad_categoria=Baja
88,"alcohol=Bajo, density=Medio, pH=Bajo",calidad_categoria=Baja,0.0446,0.8261,1.7757,3,SI alcohol=Bajo Y density=Medio Y pH=Bajo ENTONCES calidad_categoria=Baja
89,"density=Medio, sulphates=Bajo, total sulfur dioxide=Bajo",calidad_categoria=Baja,0.0258,0.825,1.7734,3,SI density=Medio Y sulphates=Bajo Y total sulfur dioxide=Bajo ENTONCES calidad_categoria=Baja
90,"density=Alto, residual sugar=Alto, sulphates=Bajo",calidad_categoria=Baja,0.0477,0.8243,1.772,3,SI density=Alto Y residual sugar=Alto Y sulphates=Bajo ENTONCES calidad_categoria=Baja
91,"alcohol=Bajo, residual sugar=Bajo, sulphates=Bajo",calidad_categoria=Baja,0.0547,0.8235,1.7702,3,SI alcohol=Bajo Y residual sugar=Bajo Y sulphates=Bajo ENTONCES calidad_categoria=Baja
92,"alcohol=Bajo, sulphates=Alto, volatile acidity=Alto",calidad_categoria=Baja,0.0219,0.8235,1.7702,3,SI alcohol=Bajo Y sulphates=Alto Y volatile acidity=Alto ENTONCES calidad_categoria=Baja
93,"alcohol=Bajo, pH=Medio, residual sugar=Medio",calidad_categoria=Baja,0.0219,0.8235,1.7702,3,SI alcohol=Bajo Y pH=Medio Y residual sugar=Medio ENTONCES calidad_categoria=Baja
94,"alcohol=Bajo, pH=Medio, total sulfur dioxide=Alto",calidad_categoria=Baja,0.0399,0.8226,1.7682,3,SI alcohol=Bajo Y pH=Medio Y total sulfur dioxide=Alto ENTONCES calidad_categoria=Baja
95,"alcohol=Bajo, chlorides=Alto, volatile acidity=Alto",calidad_categoria=Baja,0.0579,0.8222,1.7674,3,SI alcohol=Bajo Y chlorides=Alto Y volatile acidity=Alto ENTONCES calidad_categoria=Baja
96,"alcohol=Bajo, pH=Bajo, residual sugar=Alto",calidad_categoria=Baja,0.036,0.8214,1.7657,3,SI alcohol=Bajo Y pH=Bajo Y residual sugar=Alto ENTONCES calidad_categoria=Baja
97,"alcohol=Bajo, residual sugar=Bajo, volatile acidity=Alto",calidad_categoria=Baja,0.05,0.8205,1.7638,3,SI alcohol=Bajo Y residual sugar=Bajo Y volatile acidity=Alto ENTONCES calidad_categoria=Baja
98,"alcohol=Bajo, chlorides=Alto, fixed acidity=Medio",calidad_categoria=Baja,0.0571,0.8202,1.7631,3,SI alcohol=Bajo Y chlorides=Alto Y fixed acidity=Medio ENTONCES calidad_categoria=Baja
99,"alcohol=Bajo, chlorides=Alto, citric acid=Medio",calidad_categoria=Baja,0.0461,0.8194,1.7615,3,SI alcohol=Bajo Y chlorides=Alto Y citric acid=Medio ENTONCES calidad_categoria=Baja
100,"alcohol=Bajo, chlorides=Alto, density=Medio",calidad_categoria=Baja,0.0422,0.8182,1.7587,3,SI alcohol=Bajo Y chlorides=Alto Y density=Medio ENTONCES calidad_categoria=Baja
101,"alcohol=Bajo, citric acid=Medio, pH=Medio",calidad_categoria=Baja,0.0422,0.8182,1.7587,3,SI alcohol=Bajo Y citric acid=Medio Y pH=Medio ENTONCES calidad_categoria=Baja
102,"alcohol=Bajo, citric acid=Bajo, density=Bajo",calidad_categoria=Baja,0.0211,0.8182,1.7587,3,SI alcohol=Bajo Y citric acid=Bajo Y density=Bajo ENTONCES calidad_categoria=Baja
103,"alcohol=Alto, residual sugar=Medio, sulphates=Medio",calidad_categoria=Media,0.0219,0.7,1.7555,3,SI alcohol=Alto Y residual sugar=Medio Y sulphates=Medio ENTONCES calidad_categoria=Media
104,"chlorides=Alto, fixed acidity=Medio, volatile acidity=Alto",calidad_categoria=Baja,0.0414,0.8154,1.7527,3,SI chlorides=Alto Y fixed acidity=Medio Y volatile acidity=Alto ENTONCES calidad_categoria=Baja
105,"alcohol=Bajo, volatile acidity=Alto",calidad_categoria=Baja,0.1063,0.8144,1.7506,2,SI alcohol=Bajo Y volatile acidity=Alto ENTONCES calidad_categoria=Baja
106,"free sulfur dioxide=Bajo, sulphates=Bajo, volatile acidity=Alto",calidad_categoria=Baja,0.0446,0.8143,1.7504,3,SI free sulfur dioxide=Bajo Y sulphates=Bajo Y volatile acidity=Alto ENTONCES calidad_categoria=Baja
107,"alcohol=Bajo, free sulfur dioxide=Alto, pH=Medio",calidad_categoria=Baja,0.0274,0.814,1.7497,3,SI alcohol=Bajo Y free sulfur dioxide=Alto Y pH=Medio ENTONCES calidad_categoria=Baja
108,"chlorides=Alto, citric acid=Medio, volatile acidity=Alto",calidad_categoria=Baja,0.0375,0.8136,1.7488,3,SI chlorides=Alto Y citric acid=Medio Y volatile acidity=Alto ENTONCES calidad_categoria=Baja
109,"chlorides=Medio, sulphates=Bajo, volatile acidity=Alto",calidad_categoria=Baja,0.0477,0.8133,1.7483,3,SI chlorides=Medio Y sulphates=Bajo Y volatile acidity=Alto ENTONCES calidad_categoria=Baja
110,"pH=Bajo, volatile acidity=Alto",calidad_categoria=Baja,0.061,0.8125,1.7465,2,SI pH=Bajo Y volatile acidity=Alto ENTONCES calidad_categoria=Baja
111,"residual sugar=Bajo, total sulfur dioxide=Alto, volatile acidity=Alto",calidad_categoria=Baja,0.0336,0.8113,1.744,3,SI residual sugar=Bajo Y total sulfur dioxide=Alto Y volatile acidity=Alto ENTONCES calidad_categoria=Baja
112,"density=Medio, free sulfur dioxide=Alto, volatile acidity=Alto",calidad_categoria=Baja,0.0235,0.8108,1.7429,3,SI density=Medio Y free sulfur dioxide=Alto Y volatile acidity=Alto ENTONCES calidad_categoria=Baja
113,"alcohol=Bajo, free sulfur dioxide=Medio, total sulfur dioxide=Alto",calidad_categoria=Baja,0.0367,0.8103,1.7419,3,SI alcohol=Bajo Y free sulfur dioxide=Medio Y total sulfur dioxide=Alto ENTONCES calidad_categoria=Baja
114,"alcohol=Bajo, residual sugar=Alto, total sulfur dioxide=Alto",calidad_categoria=Baja,0.0532,0.8095,1.7401,3,SI alcohol=Bajo Y residual sugar=Alto Y total sulfur dioxide=Alto ENTONCES calidad_categoria=Baja
115,"fixed acidity=Medio, total sulfur dioxide=Alto, volatile acidity=Alto",calidad_categoria=Baja,0.0399,0.8095,1.7401,3,SI fixed acidity=Medio Y total sulfur dioxide=Alto Y volatile acidity=Alto ENTONCES calidad_categoria=Baja
116,"alcohol=Alto, citric acid=Bajo, sulphates=Medio",calidad_categoria=Media,0.0266,0.6939,1.7401,3,SI alcohol=Alto Y citric acid=Bajo Y sulphates=Medio ENTONCES calidad_categoria=Media
117,"density=Alto, sulphates=Bajo",calidad_categoria=Baja,0.0758,0.8083,1.7376,2,SI density=Alto Y sulphates=Bajo ENTONCES calidad_categoria=Baja
118,"free sulfur dioxide=Alto, pH=Bajo, sulphates=Bajo",calidad_categoria=Baja,0.036,0.807,1.7347,3,SI free sulfur dioxide=Alto Y pH=Bajo Y sulphates=Bajo ENTONCES calidad_categoria=Baja
119,"chlorides=Medio, density=Alto, sulphates=Bajo",calidad_categoria=Baja,0.0391,0.8065,1.7335,3,SI chlorides=Medio Y density=Alto Y sulphates=Bajo ENTONCES calidad_categoria=Baja
120,"alcohol=Bajo, density=Alto, volatile acidity=Alto",calidad_categoria=Baja,0.0391,0.8065,1.7335,3,SI alcohol=Bajo Y density=Alto Y volatile acidity=Alto ENTONCES calidad_categoria=Baja
121,"density=Alto, free sulfur dioxide=Bajo, sulphates=Bajo",calidad_categoria=Baja,0.0258,0.8049,1.7301,3,SI density=Alto Y free sulfur dioxide=Bajo Y sulphates=Bajo ENTONCES calidad_categoria=Baja
122,"alcohol=Bajo, fixed acidity=Medio, residual sugar=Medio",calidad_categoria=Baja,0.0258,0.8049,1.7301,3,SI alcohol=Bajo Y fixed acidity=Medio Y residual sugar=Medio ENTONCES calidad_categoria=Baja
123,"density=Alto, pH=Medio, sulphates=Bajo",calidad_categoria=Baja,0.0258,0.8049,1.7301,3,SI density=Alto Y pH=Medio Y sulphates=Bajo ENTONCES calidad_categoria=Baja
124,"alcohol=Alto, fixed acidity=Bajo, sulphates=Medio",calidad_categoria=Media,0.0313,0.6897,1.7295,3,SI alcohol=Alto Y fixed acidity=Bajo Y sulphates=Medio ENTONCES calidad_categoria=Media
125,"alcohol=Bajo, pH=Alto, sulphates=Bajo",calidad_categoria=Baja,0.0321,0.8039,1.7281,3,SI alcohol=Bajo Y pH=Alto Y sulphates=Bajo ENTONCES calidad_categoria=Baja
126,"density=Medio, total sulfur dioxide=Alto, volatile acidity=Alto",calidad_categoria=Baja,0.0352,0.8036,1.7273,3,SI density=Medio Y total sulfur dioxide=Alto Y volatile acidity=Alto ENTONCES calidad_categoria=Baja
127,"pH=Alto, sulphates=Bajo, total sulfur dioxide=Bajo",calidad_categoria=Baja,0.0407,0.8,1.7197,3,SI pH=Alto Y sulphates=Bajo Y total sulfur dioxide=Bajo ENTONCES calidad_categoria=Baja
128,"citric acid=Medio, density=Alto, sulphates=Bajo",calidad_categoria=Baja,0.025,0.8,1.7197,3,SI citric acid=Medio Y density=Alto Y sulphates=Bajo ENTONCES calidad_categoria=Baja
129,"alcohol=Bajo, chlorides=Medio, sulphates=Bajo",calidad_categoria=Baja,0.0563,0.8,1.7197,3,SI alcohol=Bajo Y chlorides=Medio Y sulphates=Bajo ENTONCES calidad_categoria=Baja
130,"chlorides=Alto, free sulfur dioxide=Bajo, sulphates=Bajo",calidad_categoria=Baja,0.0281,0.8,1.7197,3,SI chlorides=Alto Y free sulfur dioxide=Bajo Y sulphates=Bajo ENTONCES calidad_categoria=Baja
131,"alcohol=Bajo, residual sugar=Medio, sulphates=Bajo",calidad_categoria=Baja,0.0344,0.8,1.7197,3,SI alcohol=Bajo Y residual sugar=Medio Y sulphates=Bajo ENTONCES calidad_categoria=Baja
132,"alcohol=Bajo, density=Alto, total sulfur dioxide=Alto",calidad_categoria=Baja,0.0555,0.7978,1.7148,3,SI alcohol=Bajo Y density=Alto Y total sulfur dioxide=Alto ENTONCES calidad_categoria=Baja
133,"alcohol=Bajo, citric acid=Medio, free sulfur dioxide=Alto",calidad_categoria=Baja,0.0524,0.7976,1.7145,3,SI alcohol=Bajo Y citric acid=Medio Y free sulfur dioxide=Alto ENTONCES calidad_categoria=Baja
134,"alcohol=Bajo, pH=Bajo, residual sugar=Bajo",calidad_categoria=Baja,0.043,0.7971,1.7134,3,SI alcohol=Bajo Y pH=Bajo Y residual sugar=Bajo ENTONCES calidad_categoria=Baja
135,"alcohol=Alto, free sulfur dioxide=Alto, pH=Alto",calidad_categoria=Media,0.0336,0.6825,1.7117,3,SI alcohol=Alto Y free sulfur dioxide=Alto Y pH=Alto ENTONCES calidad_categoria=Media
136,"alcohol=Bajo, fixed acidity=Medio, total sulfur dioxide=Alto",calidad_categoria=Baja,0.061,0.7959,1.7109,3,SI alcohol=Bajo Y fixed acidity=Medio Y total sulfur dioxide=Alto ENTONCES calidad_categoria=Baja
137,"density=Alto, pH=Bajo, sulphates=Bajo",calidad_categoria=Baja,0.0305,0.7959,1.7109,3,SI density=Alto Y pH=Bajo Y sulphates=Bajo ENTONCES calidad_categoria=Baja
138,"citric acid=Medio, residual sugar=Bajo, volatile acidity=Alto",calidad_categoria=Baja,0.0274,0.7955,1.7099,3,SI citric acid=Medio Y residual sugar=Bajo Y volatile acidity=Alto ENTONCES calidad_categoria=Baja
139,"alcohol=Bajo, free sulfur dioxide=Alto, total sulfur dioxide=Alto",calidad_categoria=Baja,0.0821,0.7955,1.7099,3,SI alcohol=Bajo Y free sulfur dioxide=Alto Y total sulfur dioxide=Alto ENTONCES calidad_categoria=Baja
140,"alcohol=Bajo, pH=Medio, sulphates=Bajo",calidad_categoria=Baja,0.0516,0.7952,1.7093,3,SI alcohol=Bajo Y pH=Medio Y sulphates=Bajo ENTONCES calidad_categoria=Baja
141,"alcohol=Bajo, citric acid=Alto, free sulfur dioxide=Alto",calidad_categoria=Baja,0.0242,0.7949,1.7086,3,SI alcohol=Bajo Y citric acid=Alto Y free sulfur dioxide=Alto ENTONCES calidad_categoria=Baja
142,"citric acid=Bajo, density=Alto, sulphates=Bajo",calidad_categoria=Baja,0.0242,0.7949,1.7086,3,SI citric acid=Bajo Y density=Alto Y sulphates=Bajo ENTONCES calidad_categoria=Baja
143,"citric acid=Medio, total sulfur dioxide=Medio, volatile acidity=Alto",calidad_categoria=Baja,0.0211,0.7941,1.707,3,SI citric acid=Medio Y total sulfur dioxide=Medio Y volatile acidity=Alto ENTONCES calidad_categoria=Baja
144,"citric acid=Bajo, free sulfur dioxide=Bajo, residual sugar=Alto",calidad_categoria=Baja,0.0211,0.7941,1.707,3,SI citric acid=Bajo Y free sulfur dioxide=Bajo Y residual sugar=Alto ENTONCES calidad_categoria=Baja
145,"alcohol=Bajo, free sulfur dioxide=Medio, sulphates=Bajo",calidad_categoria=Baja,0.0391,0.7937,1.706,3,SI alcohol=Bajo Y free sulfur dioxide=Medio Y sulphates=Bajo ENTONCES calidad_categoria=Baja
146,"citric acid=Medio, density=Medio, volatile acidity=Alto",calidad_categoria=Baja,0.036,0.7931,1.7048,3,SI citric acid=Medio Y density=Medio Y volatile acidity=Alto ENTONCES calidad_categoria=Baja
147,"alcohol=Bajo, citric acid=Medio, residual sugar=Alto",calidad_categoria=Baja,0.0328,0.7925,1.7034,3,SI alcohol=Bajo Y citric acid=Medio Y residual sugar=Alto ENTONCES calidad_categoria=Baja
148,"fixed acidity=Medio, residual sugar=Alto, sulphates=Bajo",calidad_categoria=Baja,0.0328,0.7925,1.7034,3,SI fixed acidity=Medio Y residual sugar=Alto Y sulphates=Bajo ENTONCES calidad_categoria=Baja
149,"alcohol=Bajo, citric acid=Medio, total sulfur dioxide=Alto",calidad_categoria=Baja,0.068,0.7909,1.7001,3,SI alcohol=Bajo Y citric acid=Medio Y total sulfur dioxide=Alto ENTONCES calidad_categoria=Baja
150,"alcohol=Bajo, total sulfur dioxide=Alto",calidad_categoria=Baja,0.1212,0.7908,1.6999,2,SI alcohol=Bajo Y total sulfur dioxide=Alto ENTONCES calidad_categoria=Baja
151,"pH=Medio, residual sugar=Bajo, total sulfur dioxide=Alto",calidad_categoria=Baja,0.0266,0.7907,1.6997,3,SI pH=Medio Y residual sugar=Bajo Y total sulfur dioxide=Alto ENTONCES calidad_categoria=Baja
152,"citric acid=Bajo, sulphates=Bajo, total sulfur dioxide=Alto",calidad_categoria=Baja,0.0266,0.7907,1.6997,3,SI citric acid=Bajo Y sulphates=Bajo Y total sulfur dioxide=Alto ENTONCES calidad_categoria=Baja
153,"chlorides=Alto, citric acid=Medio, sulphates=Bajo",calidad_categoria=Baja,0.0266,0.7907,1.6997,3,SI chlorides=Alto Y citric acid=Medio Y sulphates=Bajo ENTONCES calidad_categoria=Baja
154,"alcohol=Bajo, total sulfur dioxide=Alto, volatile acidity=Medio",calidad_categoria=Baja,0.0469,0.7895,1.697,3,SI alcohol=Bajo Y total sulfur dioxide=Alto Y volatile acidity=Medio ENTONCES calidad_categoria=Baja
155,"density=Medio, residual sugar=Bajo, volatile acidity=Alto",calidad_categoria=Baja,0.0438,0.7887,1.6954,3,SI density=Medio Y residual sugar=Bajo Y volatile acidity=Alto ENTONCES calidad_categoria=Baja
156,"residual sugar=Bajo, sulphates=Bajo, total sulfur dioxide=Alto",calidad_categoria=Baja,0.0321,0.7885,1.6949,3,SI residual sugar=Bajo Y sulphates=Bajo Y total sulfur dioxide=Alto ENTONCES calidad_categoria=Baja
157,"pH=Medio, sulphates=Bajo, total sulfur dioxide=Alto",calidad_categoria=Baja,0.0407,0.7879,1.6936,3,SI pH=Medio Y sulphates=Bajo Y total sulfur dioxide=Alto ENTONCES calidad_categoria=Baja
158,"alcohol=Bajo, chlorides=Alto, residual sugar=Medio",calidad_categoria=Baja,0.0203,0.7879,1.6936,3,SI alcohol=Bajo Y chlorides=Alto Y residual sugar=Medio ENTONCES calidad_categoria=Baja
159,"alcohol=Medio, total sulfur dioxide=Alto, volatile acidity=Alto",calidad_categoria=Baja,0.0289,0.7872,1.6922,3,SI alcohol=Medio Y total sulfur dioxide=Alto Y volatile acidity=Alto ENTONCES calidad_categoria=Baja
160,"free sulfur dioxide=Bajo, pH=Alto, residual sugar=Bajo",calidad_categoria=Baja,0.0289,0.7872,1.6922,3,SI free sulfur dioxide=Bajo Y pH=Alto Y residual sugar=Bajo ENTONCES calidad_categoria=Baja
161,"alcohol=Bajo, free sulfur dioxide=Alto",calidad_categoria=Baja,0.0954,0.7871,1.6919,2,SI alcohol=Bajo Y free sulfur dioxide=Alto ENTONCES calidad_categoria=Baja
162,"alcohol=Bajo, free sulfur dioxide=Medio, volatile acidity=Alto",calidad_categoria=Baja,0.0375,0.7869,1.6915,3,SI alcohol=Bajo Y free sulfur dioxide=Medio Y volatile acidity=Alto ENTONCES calidad_categoria=Baja
163,"density=Bajo, residual sugar=Medio, sulphates=Medio",calidad_categoria=Media,0.0242,0.6739,1.6901,3,SI density=Bajo Y residual sugar=Medio Y sulphates=Medio ENTONCES calidad_categoria=Media
164,"citric acid=Medio, sulphates=Medio, volatile acidity=Alto",calidad_categoria=Baja,0.0258,0.7857,1.689,3,SI citric acid=Medio Y sulphates=Medio Y volatile acidity=Alto ENTONCES calidad_categoria=Baja
165,"alcohol=Medio, density=Bajo, volatile acidity=Medio",calidad_categoria=Media,0.0274,0.6731,1.688,3,SI alcohol=Medio Y density=Bajo Y volatile acidity=Medio ENTONCES calidad_categoria=Media
166,"free sulfur dioxide=Bajo, residual sugar=Alto, sulphates=Bajo",calidad_categoria=Baja,0.0313,0.7843,1.6859,3,SI free sulfur dioxide=Bajo Y residual sugar=Alto Y sulphates=Bajo ENTONCES calidad_categoria=Baja
167,"chlorides=Alto, density=Alto, free sulfur dioxide=Alto",calidad_categoria=Baja,0.0453,0.7838,1.6848,3,SI chlorides=Alto Y density=Alto Y free sulfur dioxide=Alto ENTONCES calidad_categoria=Baja
168,"alcohol=Bajo, density=Medio, volatile acidity=Alto",calidad_categoria=Baja,0.0508,0.7831,1.6834,3,SI alcohol=Bajo Y density=Medio Y volatile acidity=Alto ENTONCES calidad_categoria=Baja
169,"fixed acidity=Medio, sulphates=Bajo, volatile acidity=Alto",calidad_categoria=Baja,0.0508,0.7831,1.6834,3,SI fixed acidity=Medio Y sulphates=Bajo Y volatile acidity=Alto ENTONCES calidad_categoria=Baja
170,"free sulfur dioxide=Alto, total sulfur dioxide=Alto, volatile acidity=Alto",calidad_categoria=Baja,0.0508,0.7831,1.6834,3,SI free sulfur dioxide=Alto Y total sulfur dioxide=Alto Y volatile acidity=Alto ENTONCES calidad_categoria=Baja
171,"density=Medio, pH=Bajo, sulphates=Bajo",calidad_categoria=Baja,0.0281,0.7826,1.6823,3,SI density=Medio Y pH=Bajo Y sulphates=Bajo ENTONCES calidad_categoria=Baja
172,"free sulfur dioxide=Medio, sulphates=Bajo, total sulfur dioxide=Alto",calidad_categoria=Baja,0.0281,0.7826,1.6823,3,SI free sulfur dioxide=Medio Y sulphates=Bajo Y total sulfur dioxide=Alto ENTONCES calidad_categoria=Baja
173,"citric acid=Bajo, density=Bajo, total sulfur dioxide=Medio",calidad_categoria=Media,0.0446,0.6706,1.6817,3,SI citric acid=Bajo Y density=Bajo Y total sulfur dioxide=Medio ENTONCES calidad_categoria=Media
174,"pH=Bajo, sulphates=Bajo, total sulfur dioxide=Alto",calidad_categoria=Baja,0.0336,0.7818,1.6806,3,SI pH=Bajo Y sulphates=Bajo Y total sulfur dioxide=Alto ENTONCES calidad_categoria=Baja
175,"chlorides=Medio, fixed acidity=Bajo, volatile acidity=Alto",calidad_categoria=Baja,0.0336,0.7818,1.6806,3,SI chlorides=Medio Y fixed acidity=Bajo Y volatile acidity=Alto ENTONCES calidad_categoria=Baja
176,"residual sugar=Alto, sulphates=Bajo, total sulfur dioxide=Alto",calidad_categoria=Baja,0.0391,0.7812,1.6794,3,SI residual sugar=Alto Y sulphates=Bajo Y total sulfur dioxide=Alto ENTONCES calidad_categoria=Baja
177,"alcohol=Bajo, chlorides=Medio, residual sugar=Alto",calidad_categoria=Baja,0.025,0.7805,1.6777,3,SI alcohol=Bajo Y chlorides=Medio Y residual sugar=Alto ENTONCES calidad_categoria=Baja
178,"alcohol=Bajo, chlorides=Alto, citric acid=Alto",calidad_categoria=Baja,0.036,0.7797,1.6759,3,SI alcohol=Bajo Y chlorides=Alto Y citric acid=Alto ENTONCES calidad_categoria=Baja
179,"alcohol=Bajo, pH=Alto, volatile acidity=Alto",calidad_categoria=Baja,0.0274,0.7778,1.6719,3,SI alcohol=Bajo Y pH=Alto Y volatile acidity=Alto ENTONCES calidad_categoria=Baja
180,"alcohol=Bajo, free sulfur dioxide=Alto, residual sugar=Medio",calidad_categoria=Baja,0.0219,0.7778,1.6719,3,SI alcohol=Bajo Y free sulfur dioxide=Alto Y residual sugar=Medio ENTONCES calidad_categoria=Baja
181,"density=Bajo, free sulfur dioxide=Alto, pH=Alto",calidad_categoria=Media,0.0375,0.6667,1.6719,3,SI density=Bajo Y free sulfur dioxide=Alto Y pH=Alto ENTONCES calidad_categoria=Media
182,"alcohol=Alto, citric acid=Bajo, total sulfur dioxide=Medio",calidad_categoria=Media,0.0281,0.6667,1.6719,3,SI alcohol=Alto Y citric acid=Bajo Y total sulfur dioxide=Medio ENTONCES calidad_categoria=Media
183,"citric acid=Bajo, pH=Medio, total sulfur dioxide=Medio",calidad_categoria=Media,0.025,0.6667,1.6719,3,SI citric acid=Bajo Y pH=Medio Y total sulfur dioxide=Medio ENTONCES calidad_categoria=Media
184,"residual sugar=Medio, sulphates=Medio, total sulfur dioxide=Bajo",calidad_categoria=Media,0.025,0.6667,1.6719,3,SI residual sugar=Medio Y sulphates=Medio Y total sulfur dioxide=Bajo ENTONCES calidad_categoria=Media
185,"density=Bajo, free sulfur dioxide=Alto, residual sugar=Medio",calidad_categoria=Media,0.025,0.6667,1.6719,3,SI density=Bajo Y free sulfur dioxide=Alto Y residual sugar=Medio ENTONCES calidad_categoria=Media
186,"alcohol=Bajo, chlorides=Alto",calidad_categoria=Baja,0.1087,0.7765,1.6692,2,SI alcohol=Bajo Y chlorides=Alto ENTONCES calidad_categoria=Baja
187,"alcohol=Bajo, chlorides=Alto, residual sugar=Alto",calidad_categoria=Baja,0.0407,0.7761,1.6683,3,SI alcohol=Bajo Y chlorides=Alto Y residual sugar=Alto ENTONCES calidad_categoria=Baja
188,"pH=Bajo, residual sugar=Alto, sulphates=Bajo",calidad_categoria=Baja,0.0297,0.7755,1.667,3,SI pH=Bajo Y residual sugar=Alto Y sulphates=Bajo ENTONCES calidad_categoria=Baja
189,"density=Alto, pH=Alto, volatile acidity=Alto",calidad_categoria=Baja,0.0297,0.7755,1.667,3,SI density=Alto Y pH=Alto Y volatile acidity=Alto ENTONCES calidad_categoria=Baja
190,"alcohol=Bajo, chlorides=Alto, total sulfur dioxide=Bajo",calidad_categoria=Baja,0.0242,0.775,1.6659,3,SI alcohol=Bajo Y chlorides=Alto Y total sulfur dioxide=Bajo ENTONCES calidad_categoria=Baja
191,"alcohol=Bajo, residual sugar=Medio, volatile acidity=Alto",calidad_categoria=Baja,0.0242,0.775,1.6659,3,SI alcohol=Bajo Y residual sugar=Medio Y volatile acidity=Alto ENTONCES calidad_categoria=Baja
192,"residual sugar=Alto, sulphates=Bajo, volatile acidity=Medio",calidad_categoria=Baja,0.0242,0.775,1.6659,3,SI residual sugar=Alto Y sulphates=Bajo Y volatile acidity=Medio ENTONCES calidad_categoria=Baja
193,"citric acid=Medio, total sulfur dioxide=Alto, volatile acidity=Alto",calidad_categoria=Baja,0.043,0.7746,1.6652,3,SI citric acid=Medio Y total sulfur dioxide=Alto Y volatile acidity=Alto ENTONCES calidad_categoria=Baja
194,"citric acid=Medio, volatile acidity=Alto",calidad_categoria=Baja,0.0751,0.7742,1.6642,2,SI citric acid=Medio Y volatile acidity=Alto ENTONCES calidad_categoria=Baja
195,"chlorides=Alto, pH=Bajo, sulphates=Bajo",calidad_categoria=Baja,0.0321,0.7736,1.6629,3,SI chlorides=Alto Y pH=Bajo Y sulphates=Bajo ENTONCES calidad_categoria=Baja
196,"chlorides=Alto, sulphates=Bajo, volatile acidity=Alto",calidad_categoria=Baja,0.0453,0.7733,1.6623,3,SI chlorides=Alto Y sulphates=Bajo Y volatile acidity=Alto ENTONCES calidad_categoria=Baja
197,"alcohol=Bajo, chlorides=Alto, residual sugar=Bajo",calidad_categoria=Baja,0.0477,0.7722,1.6598,3,SI alcohol=Bajo Y chlorides=Alto Y residual sugar=Bajo ENTONCES calidad_categoria=Baja
198,"alcohol=Bajo, free sulfur dioxide=Alto, volatile acidity=Medio",calidad_categoria=Baja,0.0344,0.7719,1.6593,3,SI alcohol=Bajo Y free sulfur dioxide=Alto Y volatile acidity=Medio ENTONCES calidad_categoria=Baja
199,"citric acid=Bajo, sulphates=Bajo, total sulfur dioxide=Bajo",calidad_categoria=Baja,0.0555,0.7717,1.6589,3,SI citric acid=Bajo Y sulphates=Bajo Y total sulfur dioxide=Bajo ENTONCES calidad_categoria=Baja
200,"free sulfur dioxide=Bajo, residual sugar=Alto, volatile acidity=Alto",calidad_categoria=Baja,0.0211,0.7714,1.6582,3,SI free sulfur dioxide=Bajo Y residual sugar=Alto Y volatile acidity=Alto ENTONCES calidad_categoria=Baja
201,"alcohol=Bajo, chlorides=Alto, volatile acidity=Bajo",calidad_categoria=Baja,0.0211,0.7714,1.6582,3,SI alcohol=Bajo Y chlorides=Alto Y volatile acidity=Bajo ENTONCES calidad_categoria=Baja
202,"alcohol=Medio, fixed acidity=Bajo, residual sugar=Alto",calidad_categoria=Baja,0.0211,0.7714,1.6582,3,SI alcohol=Medio Y fixed acidity=Bajo Y residual sugar=Alto ENTONCES calidad_categoria=Baja
203,"alcohol=Bajo, citric acid=Bajo, sulphates=Bajo",calidad_categoria=Baja,0.05,0.7711,1.6575,3,SI alcohol=Bajo Y citric acid=Bajo Y sulphates=Bajo ENTONCES calidad_categoria=Baja
204,"alcohol=Bajo, chlorides=Alto, sulphates=Alto",calidad_categoria=Baja,0.0367,0.7705,1.6562,3,SI alcohol=Bajo Y chlorides=Alto Y sulphates=Alto ENTONCES calidad_categoria=Baja
205,"alcohol=Bajo, fixed acidity=Bajo, sulphates=Bajo",calidad_categoria=Baja,0.0446,0.7703,1.6558,3,SI alcohol=Bajo Y fixed acidity=Bajo Y sulphates=Bajo ENTONCES calidad_categoria=Baja
206,"citric acid=Medio, density=Alto, total sulfur dioxide=Alto",calidad_categoria=Baja,0.0446,0.7703,1.6558,3,SI citric acid=Medio Y density=Alto Y total sulfur dioxide=Alto ENTONCES calidad_categoria=Baja
207,"alcohol=Bajo, pH=Bajo",calidad_categoria=Baja,0.1048,0.7701,1.6554,2,SI alcohol=Bajo Y pH=Bajo ENTONCES calidad_categoria=Baja
208,"chlorides=Alto, density=Alto, volatile acidity=Alto",calidad_categoria=Baja,0.0391,0.7692,1.6535,3,SI chlorides=Alto Y density=Alto Y volatile acidity=Alto ENTONCES calidad_categoria=Baja
209,"alcohol=Bajo, free sulfur dioxide=Medio, sulphates=Medio",calidad_categoria=Baja,0.0235,0.7692,1.6535,3,SI alcohol=Bajo Y free sulfur dioxide=Medio Y sulphates=Medio ENTONCES calidad_categoria=Baja
210,"chlorides=Medio, free sulfur dioxide=Alto, sulphates=Bajo",calidad_categoria=Baja,0.0336,0.7679,1.6506,3,SI chlorides=Medio Y free sulfur dioxide=Alto Y sulphates=Bajo ENTONCES calidad_categoria=Baja
211,"alcohol=Alto, free sulfur dioxide=Alto, sulphates=Alto",calidad_categoria=Media,0.0375,0.6575,1.649,3,SI alcohol=Alto Y free sulfur dioxide=Alto Y sulphates=Alto ENTONCES calidad_categoria=Media
212,"density=Alto, total sulfur dioxide=Alto, volatile acidity=Alto",calidad_categoria=Baja,0.036,0.7667,1.648,3,SI density=Alto Y total sulfur dioxide=Alto Y volatile acidity=Alto ENTONCES calidad_categoria=Baja
213,"citric acid=Bajo, density=Bajo, sulphates=Medio",calidad_categoria=Media,0.0344,0.6567,1.6469,3,SI citric acid=Bajo Y density=Bajo Y sulphates=Medio ENTONCES calidad_categoria=Media
214,"chlorides=Alto, free sulfur dioxide=Medio, total sulfur dioxide=Alto",calidad_categoria=Baja,0.0281,0.766,1.6465,3,SI chlorides=Alto Y free sulfur dioxide=Medio Y total sulfur dioxide=Alto ENTONCES calidad_categoria=Baja
215,"chlorides=Medio, pH=Bajo, sulphates=Bajo",calidad_categoria=Baja,0.0281,0.766,1.6465,3,SI chlorides=Medio Y pH=Bajo Y sulphates=Bajo ENTONCES calidad_categoria=Baja
216,"alcohol=Bajo, total sulfur dioxide=Bajo, volatile acidity=Alto",calidad_categoria=Baja,0.0281,0.766,1.6465,3,SI alcohol=Bajo Y total sulfur dioxide=Bajo Y volatile acidity=Alto ENTONCES calidad_categoria=Baja
217,"density=Alto, fixed acidity=Alto, sulphates=Bajo",calidad_categoria=Baja,0.0383,0.7656,1.6458,3,SI density=Alto Y fixed acidity=Alto Y sulphates=Bajo ENTONCES calidad_categoria=Baja
218,"chlorides=Alto, density=Alto, total sulfur dioxide=Alto",calidad_categoria=Baja,0.0485,0.7654,1.6454,3,SI chlorides=Alto Y density=Alto Y total sulfur dioxide=Alto ENTONCES calidad_categoria=Baja
219,"alcohol=Bajo, citric acid=Alto, total sulfur dioxide=Alto",calidad_categoria=Baja,0.0305,0.7647,1.6438,3,SI alcohol=Bajo Y citric acid=Alto Y total sulfur dioxide=Alto ENTONCES calidad_categoria=Baja
220,"alcohol=Bajo, fixed acidity=Medio, residual sugar=Alto",calidad_categoria=Baja,0.0305,0.7647,1.6438,3,SI alcohol=Bajo Y fixed acidity=Medio Y residual sugar=Alto ENTONCES calidad_categoria=Baja
221,"chlorides=Alto, residual sugar=Alto, sulphates=Bajo",calidad_categoria=Baja,0.0305,0.7647,1.6438,3,SI chlorides=Alto Y residual sugar=Alto Y sulphates=Bajo ENTONCES calidad_categoria=Baja
222,"fixed acidity=Alto, total sulfur dioxide=Alto, volatile acidity=Alto",calidad_categoria=Baja,0.0203,0.7647,1.6438,3,SI fixed acidity=Alto Y total sulfur dioxide=Alto Y volatile acidity=Alto ENTONCES calidad_categoria=Baja
223,"density=Alto, free sulfur dioxide=Medio, total sulfur dioxide=Alto",calidad_categoria=Baja,0.0203,0.7647,1.6438,3,SI density=Alto Y free sulfur dioxide=Medio Y total sulfur dioxide=Alto ENTONCES calidad_categoria=Baja
224,"density=Alto, residual sugar=Medio, sulphates=Bajo",calidad_categoria=Baja,0.0203,0.7647,1.6438,3,SI density=Alto Y residual sugar=Medio Y sulphates=Bajo ENTONCES calidad_categoria=Baja
225,"pH=Alto, residual sugar=Alto, total sulfur dioxide=Bajo",calidad_categoria=Baja,0.0203,0.7647,1.6438,3,SI pH=Alto Y residual sugar=Alto Y total sulfur dioxide=Bajo ENTONCES calidad_categoria=Baja
226,"fixed acidity=Medio, sulphates=Bajo, total sulfur dioxide=Alto",calidad_categoria=Baja,0.043,0.7639,1.642,3,SI fixed acidity=Medio Y sulphates=Bajo Y total sulfur dioxide=Alto ENTONCES calidad_categoria=Baja
227,"alcohol=Bajo, citric acid=Alto, volatile acidity=Medio",calidad_categoria=Baja,0.0227,0.7632,1.6405,3,SI alcohol=Bajo Y citric acid=Alto Y volatile acidity=Medio ENTONCES calidad_categoria=Baja
228,"residual sugar=Alto, total sulfur dioxide=Bajo, volatile acidity=Alto",calidad_categoria=Baja,0.0227,0.7632,1.6405,3,SI residual sugar=Alto Y total sulfur dioxide=Bajo Y volatile acidity=Alto ENTONCES calidad_categoria=Baja
229,"alcohol=Medio, chlorides=Alto, pH=Alto",calidad_categoria=Baja,0.0227,0.7632,1.6405,3,SI alcohol=Medio Y chlorides=Alto Y pH=Alto ENTONCES calidad_categoria=Baja
230,"chlorides=Alto, fixed acidity=Alto, volatile acidity=Alto",calidad_categoria=Baja,0.0227,0.7632,1.6405,3,SI chlorides=Alto Y fixed acidity=Alto Y volatile acidity=Alto ENTONCES calidad_categoria=Baja
231,"free sulfur dioxide=Bajo, pH=Alto, volatile acidity=Alto",calidad_categoria=Baja,0.0352,0.7627,1.6395,3,SI free sulfur dioxide=Bajo Y pH=Alto Y volatile acidity=Alto ENTONCES calidad_categoria=Baja
232,"alcohol=Bajo, pH=Bajo, volatile acidity=Medio",calidad_categoria=Baja,0.0352,0.7627,1.6395,3,SI alcohol=Bajo Y pH=Bajo Y volatile acidity=Medio ENTONCES calidad_categoria=Baja
233,"total sulfur dioxide=Alto, volatile acidity=Alto",calidad_categoria=Baja,0.0876,0.7619,1.6378,2,SI total sulfur dioxide=Alto Y volatile acidity=Alto ENTONCES calidad_categoria=Baja
234,"density=Medio, pH=Alto, sulphates=Bajo",calidad_categoria=Baja,0.025,0.7619,1.6378,3,SI density=Medio Y pH=Alto Y sulphates=Bajo ENTONCES calidad_categoria=Baja
235,"alcohol=Bajo, chlorides=Bajo, residual sugar=Bajo",calidad_categoria=Baja,0.0274,0.7609,1.6355,3,SI alcohol=Bajo Y chlorides=Bajo Y residual sugar=Bajo ENTONCES calidad_categoria=Baja
236,"chlorides=Alto, free sulfur dioxide=Bajo, volatile acidity=Alto",calidad_categoria=Baja,0.0274,0.7609,1.6355,3,SI chlorides=Alto Y free sulfur dioxide=Bajo Y volatile acidity=Alto ENTONCES calidad_categoria=Baja
237,"alcohol=Bajo, total sulfur dioxide=Medio, volatile acidity=Alto",calidad_categoria=Baja,0.0274,0.7609,1.6355,3,SI alcohol=Bajo Y total sulfur dioxide=Medio Y volatile acidity=Alto ENTONCES calidad_categoria=Baja
238,"alcohol=Bajo, fixed acidity=Alto, volatile acidity=Medio",calidad_categoria=Baja,0.0274,0.7609,1.6355,3,SI alcohol=Bajo Y fixed acidity=Alto Y volatile acidity=Medio ENTONCES calidad_categoria=Baja
239,"chlorides=Medio, density=Bajo, volatile acidity=Medio",calidad_categoria=Media,0.0235,0.6522,1.6355,3,SI chlorides=Medio Y density=Bajo Y volatile acidity=Medio ENTONCES calidad_categoria=Media
240,"citric acid=Bajo, free sulfur dioxide=Bajo, sulphates=Bajo",calidad_categoria=Baja,0.0446,0.76,1.6337,3,SI citric acid=Bajo Y free sulfur dioxide=Bajo Y sulphates=Bajo ENTONCES calidad_categoria=Baja
241,"density=Medio, free sulfur dioxide=Bajo, sulphates=Bajo",calidad_categoria=Baja,0.0297,0.76,1.6337,3,SI density=Medio Y free sulfur dioxide=Bajo Y sulphates=Bajo ENTONCES calidad_categoria=Baja
242,"alcohol=Bajo, fixed acidity=Alto, residual sugar=Alto",calidad_categoria=Baja,0.0321,0.7593,1.6321,3,SI alcohol=Bajo Y fixed acidity=Alto Y residual sugar=Alto ENTONCES calidad_categoria=Baja
243,"alcohol=Alto, density=Bajo, free sulfur dioxide=Alto",calidad_categoria=Media,0.0422,0.6506,1.6316,3,SI alcohol=Alto Y density=Bajo Y free sulfur dioxide=Alto ENTONCES calidad_categoria=Media
244,"free sulfur dioxide=Alto, sulphates=Bajo, volatile acidity=Alto",calidad_categoria=Baja,0.0344,0.7586,1.6307,3,SI free sulfur dioxide=Alto Y sulphates=Bajo Y volatile acidity=Alto ENTONCES calidad_categoria=Baja
245,"chlorides=Medio, pH=Alto, volatile acidity=Alto",calidad_categoria=Baja,0.0344,0.7586,1.6307,3,SI chlorides=Medio Y pH=Alto Y volatile acidity=Alto ENTONCES calidad_categoria=Baja
246,"citric acid=Medio, free sulfur dioxide=Alto, pH=Bajo",calidad_categoria=Baja,0.0344,0.7586,1.6307,3,SI citric acid=Medio Y free sulfur dioxide=Alto Y pH=Bajo ENTONCES calidad_categoria=Baja
247,"free sulfur dioxide=Bajo, pH=Medio, volatile acidity=Medio",calidad_categoria=Media,0.0203,0.65,1.6301,3,SI free sulfur dioxide=Bajo Y pH=Medio Y volatile acidity=Medio ENTONCES calidad_categoria=Media
248,"alcohol=Alto, free sulfur dioxide=Alto, residual sugar=Bajo",calidad_categoria=Media,0.0203,0.65,1.6301,3,SI alcohol=Alto Y free sulfur dioxide=Alto Y residual sugar=Bajo ENTONCES calidad_categoria=Media
249,"alcohol=Alto, total sulfur dioxide=Medio, volatile acidity=Medio",calidad_categoria=Media,0.0203,0.65,1.6301,3,SI alcohol=Alto Y total sulfur dioxide=Medio Y volatile acidity=Medio ENTONCES calidad_categoria=Media
250,"free sulfur dioxide=Alto, residual sugar=Medio, sulphates=Alto",calidad_categoria=Media,0.0203,0.65,1.6301,3,SI free sulfur dioxide=Alto Y residual sugar=Medio Y sulphates=Alto ENTONCES calidad_categoria=Media
251,"alcohol=Bajo, citric acid=Bajo, volatile acidity=Alto",calidad_categoria=Baja,0.0539,0.7582,1.6299,3,SI alcohol=Bajo Y citric acid=Bajo Y volatile acidity=Alto ENTONCES calidad_categoria=Baja
252,"citric acid=Medio, free sulfur dioxide=Alto, sulphates=Bajo",calidad_categoria=Baja,0.0414,0.7571,1.6275,3,SI citric acid=Medio Y free sulfur dioxide=Alto Y sulphates=Bajo ENTONCES calidad_categoria=Baja
253,"residual sugar=Alto, sulphates=Bajo",calidad_categoria=Baja,0.0852,0.7569,1.6271,2,SI residual sugar=Alto Y sulphates=Bajo ENTONCES calidad_categoria=Baja
254,"free sulfur dioxide=Medio, residual sugar=Alto, sulphates=Bajo",calidad_categoria=Baja,0.0219,0.7568,1.6267,3,SI free sulfur dioxide=Medio Y residual sugar=Alto Y sulphates=Bajo ENTONCES calidad_categoria=Baja
255,"density=Bajo, total sulfur dioxide=Medio, volatile acidity=Medio",calidad_categoria=Media,0.0274,0.6481,1.6255,3,SI density=Bajo Y total sulfur dioxide=Medio Y volatile acidity=Medio ENTONCES calidad_categoria=Media
256,"chlorides=Alto, sulphates=Alto, volatile acidity=Alto",calidad_categoria=Baja,0.0242,0.7561,1.6253,3,SI chlorides=Alto Y sulphates=Alto Y volatile acidity=Alto ENTONCES calidad_categoria=Baja
257,"density=Bajo, free sulfur dioxide=Bajo, volatile acidity=Alto",calidad_categoria=Baja,0.0242,0.7561,1.6253,3,SI density=Bajo Y free sulfur dioxide=Bajo Y volatile acidity=Alto ENTONCES calidad_categoria=Baja
258,"alcohol=Bajo, citric acid=Medio, residual sugar=Medio",calidad_categoria=Baja,0.0289,0.7551,1.6232,3,SI alcohol=Bajo Y citric acid=Medio Y residual sugar=Medio ENTONCES calidad_categoria=Baja
259,"chlorides=Medio, density=Bajo, total sulfur dioxide=Medio",calidad_categoria=Media,0.0258,0.6471,1.6227,3,SI chlorides=Medio Y density=Bajo Y total sulfur dioxide=Medio ENTONCES calidad_categoria=Media
260,"density=Bajo, sulphates=Medio, volatile acidity=Medio",calidad_categoria=Media,0.0258,0.6471,1.6227,3,SI density=Bajo Y sulphates=Medio Y volatile acidity=Medio ENTONCES calidad_categoria=Media
261,"chlorides=Alto, residual sugar=Bajo, total sulfur dioxide=Alto",calidad_categoria=Baja,0.0313,0.7547,1.6223,3,SI chlorides=Alto Y residual sugar=Bajo Y total sulfur dioxide=Alto ENTONCES calidad_categoria=Baja
262,"citric acid=Medio, pH=Medio, volatile acidity=Alto",calidad_categoria=Baja,0.0313,0.7547,1.6223,3,SI citric acid=Medio Y pH=Medio Y volatile acidity=Alto ENTONCES calidad_categoria=Baja
263,"chlorides=Medio, residual sugar=Bajo, volatile acidity=Alto",calidad_categoria=Baja,0.0313,0.7547,1.6223,3,SI chlorides=Medio Y residual sugar=Bajo Y volatile acidity=Alto ENTONCES calidad_categoria=Baja
264,"citric acid=Bajo, total sulfur dioxide=Alto, volatile acidity=Alto",calidad_categoria=Baja,0.0336,0.7544,1.6216,3,SI citric acid=Bajo Y total sulfur dioxide=Alto Y volatile acidity=Alto ENTONCES calidad_categoria=Baja
265,"alcohol=Bajo, pH=Medio, volatile acidity=Alto",calidad_categoria=Baja,0.036,0.7541,1.621,3,SI alcohol=Bajo Y pH=Medio Y volatile acidity=Alto ENTONCES calidad_categoria=Baja
266,"citric acid=Medio, density=Alto, free sulfur dioxide=Alto",calidad_categoria=Baja,0.036,0.7541,1.621,3,SI citric acid=Medio Y density=Alto Y free sulfur dioxide=Alto ENTONCES calidad_categoria=Baja
267,"sulphates=Bajo, volatile acidity=Alto",calidad_categoria=Baja,0.122,0.7536,1.62,2,SI sulphates=Bajo Y volatile acidity=Alto ENTONCES calidad_categoria=Baja
268,"citric acid=Bajo, free sulfur dioxide=Bajo, pH=Alto",calidad_categoria=Baja,0.0453,0.7532,1.6192,3,SI citric acid=Bajo Y free sulfur dioxide=Bajo Y pH=Alto ENTONCES calidad_categoria=Baja
269,"alcohol=Bajo, density=Medio, total sulfur dioxide=Alto",calidad_categoria=Baja,0.0524,0.7528,1.6182,3,SI alcohol=Bajo Y density=Medio Y total sulfur dioxide=Alto ENTONCES calidad_categoria=Baja
270,"sulphates=Bajo, total sulfur dioxide=Alto",calidad_categoria=Baja,0.0915,0.75,1.6122,2,SI sulphates=Bajo Y total sulfur dioxide=Alto ENTONCES calidad_categoria=Baja
271,"alcohol=Bajo, residual sugar=Alto",calidad_categoria=Baja,0.0751,0.75,1.6122,2,SI alcohol=Bajo Y residual sugar=Alto ENTONCES calidad_categoria=Baja
272,"alcohol=Bajo, density=Medio, sulphates=Bajo",calidad_categoria=Baja,0.0516,0.75,1.6122,3,SI alcohol=Bajo Y density=Medio Y sulphates=Bajo ENTONCES calidad_categoria=Baja
273,"alcohol=Bajo, fixed acidity=Bajo, volatile acidity=Alto",calidad_categoria=Baja,0.0375,0.75,1.6122,3,SI alcohol=Bajo Y fixed acidity=Bajo Y volatile acidity=Alto ENTONCES calidad_categoria=Baja
274,"chlorides=Medio, citric acid=Bajo, residual sugar=Alto",calidad_categoria=Baja,0.0258,0.75,1.6122,3,SI chlorides=Medio Y citric acid=Bajo Y residual sugar=Alto ENTONCES calidad_categoria=Baja
275,"alcohol=Bajo, chlorides=Medio, total sulfur dioxide=Medio",calidad_categoria=Baja,0.0258,0.75,1.6122,3,SI alcohol=Bajo Y chlorides=Medio Y total sulfur dioxide=Medio ENTONCES calidad_categoria=Baja
276,"citric acid=Medio, fixed acidity=Medio, sulphates=Bajo",calidad_categoria=Baja,0.0493,0.75,1.6122,3,SI citric acid=Medio Y fixed acidity=Medio Y sulphates=Bajo ENTONCES calidad_categoria=Baja
277,"density=Medio, sulphates=Bajo, volatile acidity=Alto",calidad_categoria=Baja,0.0469,0.75,1.6122,3,SI density=Medio Y sulphates=Bajo Y volatile acidity=Alto ENTONCES calidad_categoria=Baja
278,"alcohol=Bajo, fixed acidity=Medio, free sulfur dioxide=Medio",calidad_categoria=Baja,0.0422,0.75,1.6122,3,SI alcohol=Bajo Y fixed acidity=Medio Y free sulfur dioxide=Medio ENTONCES calidad_categoria=Baja
279,"chlorides=Alto, residual sugar=Bajo, volatile acidity=Alto",calidad_categoria=Baja,0.0352,0.75,1.6122,3,SI chlorides=Alto Y residual sugar=Bajo Y volatile acidity=Alto ENTONCES calidad_categoria=Baja
280,"alcohol=Bajo, chlorides=Alto, fixed acidity=Alto",calidad_categoria=Baja,0.0352,0.75,1.6122,3,SI alcohol=Bajo Y chlorides=Alto Y fixed acidity=Alto ENTONCES calidad_categoria=Baja
281,"free sulfur dioxide=Medio, total sulfur dioxide=Alto, volatile acidity=Alto",calidad_categoria=Baja,0.0328,0.75,1.6122,3,SI free sulfur dioxide=Medio Y total sulfur dioxide=Alto Y volatile acidity=Alto ENTONCES calidad_categoria=Baja
282,"alcohol=Bajo, sulphates=Medio, total sulfur dioxide=Alto",calidad_categoria=Baja,0.0328,0.75,1.6122,3,SI alcohol=Bajo Y sulphates=Medio Y total sulfur dioxide=Alto ENTONCES calidad_categoria=Baja
283,"sulphates=Bajo, total sulfur dioxide=Alto, volatile acidity=Medio",calidad_categoria=Baja,0.0328,0.75,1.6122,3,SI sulphates=Bajo Y total sulfur dioxide=Alto Y volatile acidity=Medio ENTONCES calidad_categoria=Baja
284,"alcohol=Bajo, citric acid=Bajo, free sulfur dioxide=Medio",calidad_categoria=Baja,0.0305,0.75,1.6122,3,SI alcohol=Bajo Y citric acid=Bajo Y free sulfur dioxide=Medio ENTONCES calidad_categoria=Baja
285,"alcohol=Bajo, sulphates=Medio, volatile acidity=Alto",calidad_categoria=Baja,0.0211,0.75,1.6122,3,SI alcohol=Bajo Y sulphates=Medio Y volatile acidity=Alto ENTONCES calidad_categoria=Baja
286,"sulphates=Medio, total sulfur dioxide=Alto, volatile acidity=Alto",calidad_categoria=Baja,0.0211,0.75,1.6122,3,SI sulphates=Medio Y total sulfur dioxide=Alto Y volatile acidity=Alto ENTONCES calidad_categoria=Baja
287,"density=Alto, free sulfur dioxide=Medio, sulphates=Bajo",calidad_categoria=Baja,0.0211,0.75,1.6122,3,SI density=Alto Y free sulfur dioxide=Medio Y sulphates=Bajo ENTONCES calidad_categoria=Baja
288,"alcohol=Medio, pH=Alto, residual sugar=Alto",calidad_categoria=Baja,0.0211,0.75,1.6122,3,SI alcohol=Medio Y pH=Alto Y residual sugar=Alto ENTONCES calidad_categoria=Baja
289,"citric acid=Bajo, density=Alto, fixed acidity=Bajo",calidad_categoria=Baja,0.0211,0.75,1.6122,3,SI citric acid=Bajo Y density=Alto Y fixed acidity=Bajo ENTONCES calidad_categoria=Baja
290,"chlorides=Alto, citric acid=Medio, total sulfur dioxide=Alto",calidad_categoria=Baja,0.0446,0.75,1.6122,3,SI chlorides=Alto Y citric acid=Medio Y total sulfur dioxide=Alto ENTONCES calidad_categoria=Baja
291,"citric acid=Medio, residual sugar=Alto, volatile acidity=Alto",calidad_categoria=Baja,0.0281,0.75,1.6122,3,SI citric acid=Medio Y residual sugar=Alto Y volatile acidity=Alto ENTONCES calidad_categoria=Baja
292,"alcohol=Bajo, citric acid=Bajo, fixed acidity=Medio",calidad_categoria=Baja,0.0281,0.75,1.6122,3,SI alcohol=Bajo Y citric acid=Bajo Y fixed acidity=Medio ENTONCES calidad_categoria=Baja
293,"alcohol=Medio, total sulfur dioxide=Medio, volatile acidity=Medio",calidad_categoria=Media,0.0281,0.6429,1.6122,3,SI alcohol=Medio Y total sulfur dioxide=Medio Y volatile acidity=Medio ENTONCES calidad_categoria=Media
294,"chlorides=Medio, total sulfur dioxide=Medio, volatile acidity=Medio",calidad_categoria=Media,0.0281,0.6429,1.6122,3,SI chlorides=Medio Y total sulfur dioxide=Medio Y volatile acidity=Medio ENTONCES calidad_categoria=Media
295,"density=Bajo, residual sugar=Medio, total sulfur dioxide=Medio",calidad_categoria=Media,0.0281,0.6429,1.6122,3,SI density=Bajo Y residual sugar=Medio Y total sulfur dioxide=Medio ENTONCES calidad_categoria=Media
296,"chlorides=Bajo, citric acid=Bajo, total sulfur dioxide=Medio",calidad_categoria=Media,0.0281,0.6429,1.6122,3,SI chlorides=Bajo Y citric acid=Bajo Y total sulfur dioxide=Medio ENTONCES calidad_categoria=Media
297,"density=Bajo, pH=Alto, total sulfur dioxide=Medio",calidad_categoria=Media,0.0407,0.642,1.61,3,SI density=Bajo Y pH=Alto Y total sulfur dioxide=Medio ENTONCES calidad_categoria=Media
298,"density=Alto, free sulfur dioxide=Bajo, sulphates=Medio",calidad_categoria=Media,0.0266,0.6415,1.6088,3,SI density=Alto Y free sulfur dioxide=Bajo Y sulphates=Medio ENTONCES calidad_categoria=Media
299,"alcohol=Bajo, citric acid=Medio",calidad_categoria=Baja,0.1063,0.7473,1.6063,2,SI alcohol=Bajo Y citric acid=Medio ENTONCES calidad_categoria=Baja
300,"density=Medio, fixed acidity=Medio, pH=Bajo",calidad_categoria=Baja,0.0461,0.7468,1.6054,3,SI density=Medio Y fixed acidity=Medio Y pH=Bajo ENTONCES calidad_categoria=Baja
301,"chlorides=Medio, sulphates=Bajo, total sulfur dioxide=Alto",calidad_categoria=Baja,0.0438,0.7467,1.605,3,SI chlorides=Medio Y sulphates=Bajo Y total sulfur dioxide=Alto ENTONCES calidad_categoria=Baja
302,"pH=Medio, residual sugar=Bajo, total sulfur dioxide=Medio",calidad_categoria=Media,0.025,0.64,1.605,3,SI pH=Medio Y residual sugar=Bajo Y total sulfur dioxide=Medio ENTONCES calidad_categoria=Media
303,"alcohol=Bajo, chlorides=Alto, free sulfur dioxide=Medio",calidad_categoria=Baja,0.0391,0.7463,1.6042,3,SI alcohol=Bajo Y chlorides=Alto Y free sulfur dioxide=Medio ENTONCES calidad_categoria=Baja
304,"fixed acidity=Medio, residual sugar=Bajo, volatile acidity=Alto",calidad_categoria=Baja,0.0367,0.746,1.6037,3,SI fixed acidity=Medio Y residual sugar=Bajo Y volatile acidity=Alto ENTONCES calidad_categoria=Baja
305,"alcohol=Bajo, sulphates=Bajo, total sulfur dioxide=Medio",calidad_categoria=Baja,0.0344,0.7458,1.6031,3,SI alcohol=Bajo Y sulphates=Bajo Y total sulfur dioxide=Medio ENTONCES calidad_categoria=Baja
306,"alcohol=Bajo, free sulfur dioxide=Bajo, volatile acidity=Alto",calidad_categoria=Baja,0.0321,0.7455,1.6024,3,SI alcohol=Bajo Y free sulfur dioxide=Bajo Y volatile acidity=Alto ENTONCES calidad_categoria=Baja
307,"alcohol=Medio, residual sugar=Bajo, volatile acidity=Alto",calidad_categoria=Baja,0.0321,0.7455,1.6024,3,SI alcohol=Medio Y residual sugar=Bajo Y volatile acidity=Alto ENTONCES calidad_categoria=Baja
308,"alcohol=Alto, density=Bajo, sulphates=Medio",calidad_categoria=Media,0.036,0.6389,1.6022,3,SI alcohol=Alto Y density=Bajo Y sulphates=Medio ENTONCES calidad_categoria=Media
309,"fixed acidity=Medio, sulphates=Bajo, total sulfur dioxide=Bajo",calidad_categoria=Baja,0.0297,0.7451,1.6016,3,SI fixed acidity=Medio Y sulphates=Bajo Y total sulfur dioxide=Bajo ENTONCES calidad_categoria=Baja
310,"alcohol=Bajo, sulphates=Alto, total sulfur dioxide=Alto",calidad_categoria=Baja,0.0274,0.7447,1.6008,3,SI alcohol=Bajo Y sulphates=Alto Y total sulfur dioxide=Alto ENTONCES calidad_categoria=Baja
311,"citric acid=Medio, fixed acidity=Alto, total sulfur dioxide=Alto",calidad_categoria=Baja,0.0274,0.7447,1.6008,3,SI citric acid=Medio Y fixed acidity=Alto Y total sulfur dioxide=Alto ENTONCES calidad_categoria=Baja
312,"chlorides=Bajo, density=Medio, sulphates=Bajo",calidad_categoria=Baja,0.0274,0.7447,1.6008,3,SI chlorides=Bajo Y density=Medio Y sulphates=Bajo ENTONCES calidad_categoria=Baja
313,"density=Bajo, pH=Alto, sulphates=Medio",calidad_categoria=Media,0.0344,0.6377,1.5992,3,SI density=Bajo Y pH=Alto Y sulphates=Medio ENTONCES calidad_categoria=Media
314,"citric acid=Bajo, free sulfur dioxide=Medio, total sulfur dioxide=Alto",calidad_categoria=Baja,0.0227,0.7436,1.5984,3,SI citric acid=Bajo Y free sulfur dioxide=Medio Y total sulfur dioxide=Alto ENTONCES calidad_categoria=Baja
315,"chlorides=Alto, free sulfur dioxide=Alto, sulphates=Bajo",calidad_categoria=Baja,0.0227,0.7436,1.5984,3,SI chlorides=Alto Y free sulfur dioxide=Alto Y sulphates=Bajo ENTONCES calidad_categoria=Baja
316,"alcohol=Bajo, residual sugar=Bajo, total sulfur dioxide=Alto",calidad_categoria=Baja,0.043,0.7432,1.5977,3,SI alcohol=Bajo Y residual sugar=Bajo Y total sulfur dioxide=Alto ENTONCES calidad_categoria=Baja
317,"alcohol=Bajo, density=Medio, fixed acidity=Medio",calidad_categoria=Baja,0.0633,0.7431,1.5974,3,SI alcohol=Bajo Y density=Medio Y fixed acidity=Medio ENTONCES calidad_categoria=Baja
318,"alcohol=Bajo, citric acid=Medio, fixed acidity=Medio",calidad_categoria=Baja,0.061,0.7429,1.5968,3,SI alcohol=Bajo Y citric acid=Medio Y fixed acidity=Medio ENTONCES calidad_categoria=Baja
319,"alcohol=Bajo, citric acid=Bajo, residual sugar=Bajo",calidad_categoria=Baja,0.0407,0.7429,1.5968,3,SI alcohol=Bajo Y citric acid=Bajo Y residual sugar=Bajo ENTONCES calidad_categoria=Baja
320,"alcohol=Alto, citric acid=Alto, total sulfur dioxide=Medio",calidad_categoria=Media,0.0219,0.6364,1.5959,3,SI alcohol=Alto Y citric acid=Alto Y total sulfur dioxide=Medio ENTONCES calidad_categoria=Media
321,"alcohol=Alto, chlorides=Bajo, sulphates=Medio",calidad_categoria=Media,0.0274,0.6364,1.5959,3,SI alcohol=Alto Y chlorides=Bajo Y sulphates=Medio ENTONCES calidad_categoria=Media
322,"alcohol=Bajo, fixed acidity=Medio",calidad_categoria=Baja,0.1102,0.7421,1.5952,2,SI alcohol=Bajo Y fixed acidity=Medio ENTONCES calidad_categoria=Baja
323,"pH=Alto, residual sugar=Alto, volatile acidity=Alto",calidad_categoria=Baja,0.036,0.7419,1.5948,3,SI pH=Alto Y residual sugar=Alto Y volatile acidity=Alto ENTONCES calidad_categoria=Baja
324,"citric acid=Medio, fixed acidity=Medio, volatile acidity=Alto",calidad_categoria=Baja,0.0336,0.7414,1.5937,3,SI citric acid=Medio Y fixed acidity=Medio Y volatile acidity=Alto ENTONCES calidad_categoria=Baja
325,"density=Medio, fixed acidity=Medio, volatile acidity=Alto",calidad_categoria=Baja,0.0493,0.7412,1.5932,3,SI density=Medio Y fixed acidity=Medio Y volatile acidity=Alto ENTONCES calidad_categoria=Baja
326,"chlorides=Alto, fixed acidity=Medio, sulphates=Bajo",calidad_categoria=Baja,0.0313,0.7407,1.5923,3,SI chlorides=Alto Y fixed acidity=Medio Y sulphates=Bajo ENTONCES calidad_categoria=Baja
327,"citric acid=Medio, density=Alto, pH=Medio",calidad_categoria=Baja,0.0289,0.74,1.5907,3,SI citric acid=Medio Y density=Alto Y pH=Medio ENTONCES calidad_categoria=Baja
328,"citric acid=Bajo, density=Alto, pH=Alto",calidad_categoria=Baja,0.0289,0.74,1.5907,3,SI citric acid=Bajo Y density=Alto Y pH=Alto ENTONCES calidad_categoria=Baja
329,"fixed acidity=Bajo, residual sugar=Alto, sulphates=Bajo",calidad_categoria=Baja,0.0289,0.74,1.5907,3,SI fixed acidity=Bajo Y residual sugar=Alto Y sulphates=Bajo ENTONCES calidad_categoria=Baja
330,"fixed acidity=Bajo, sulphates=Bajo, total sulfur dioxide=Bajo",calidad_categoria=Baja,0.0422,0.7397,1.5901,3,SI fixed acidity=Bajo Y sulphates=Bajo Y total sulfur dioxide=Bajo ENTONCES calidad_categoria=Baja
331,"fixed acidity=Medio, total sulfur dioxide=Bajo, volatile acidity=Alto",calidad_categoria=Baja,0.0242,0.7381,1.5866,3,SI fixed acidity=Medio Y total sulfur dioxide=Bajo Y volatile acidity=Alto ENTONCES calidad_categoria=Baja
332,"alcohol=Medio, pH=Alto, volatile acidity=Alto",calidad_categoria=Baja,0.0352,0.7377,1.5858,3,SI alcohol=Medio Y pH=Alto Y volatile acidity=Alto ENTONCES calidad_categoria=Baja
333,"chlorides=Medio, pH=Alto, sulphates=Bajo",calidad_categoria=Baja,0.0328,0.7368,1.5839,3,SI chlorides=Medio Y pH=Alto Y sulphates=Bajo ENTONCES calidad_categoria=Baja
334,"alcohol=Bajo, chlorides=Medio, total sulfur dioxide=Alto",calidad_categoria=Baja,0.0438,0.7368,1.5839,3,SI alcohol=Bajo Y chlorides=Medio Y total sulfur dioxide=Alto ENTONCES calidad_categoria=Baja
335,"pH=Bajo, sulphates=Bajo, total sulfur dioxide=Medio",calidad_categoria=Baja,0.0219,0.7368,1.5839,3,SI pH=Bajo Y sulphates=Bajo Y total sulfur dioxide=Medio ENTONCES calidad_categoria=Baja
336,"citric acid=Medio, fixed acidity=Alto, free sulfur dioxide=Alto",calidad_categoria=Baja,0.0219,0.7368,1.5839,3,SI citric acid=Medio Y fixed acidity=Alto Y free sulfur dioxide=Alto ENTONCES calidad_categoria=Baja
337,"chlorides=Alto, residual sugar=Medio, sulphates=Bajo",calidad_categoria=Baja,0.0219,0.7368,1.5839,3,SI chlorides=Alto Y residual sugar=Medio Y sulphates=Bajo ENTONCES calidad_categoria=Baja
338,"alcohol=Bajo, free sulfur dioxide=Medio, pH=Alto",calidad_categoria=Baja,0.0219,0.7368,1.5839,3,SI alcohol=Bajo Y free sulfur dioxide=Medio Y pH=Alto ENTONCES calidad_categoria=Baja
339,"alcohol=Alto, pH=Alto, sulphates=Medio",calidad_categoria=Media,0.0281,0.6316,1.5839,3,SI alcohol=Alto Y pH=Alto Y sulphates=Medio ENTONCES calidad_categoria=Media
340,"alcohol=Bajo, fixed acidity=Bajo, residual sugar=Bajo",calidad_categoria=Baja,0.0414,0.7361,1.5823,3,SI alcohol=Bajo Y fixed acidity=Bajo Y residual sugar=Bajo ENTONCES calidad_categoria=Baja
341,"free sulfur dioxide=Alto, sulphates=Bajo, total sulfur dioxide=Alto",calidad_categoria=Baja,0.061,0.7358,1.5818,3,SI free sulfur dioxide=Alto Y sulphates=Bajo Y total sulfur dioxide=Alto ENTONCES calidad_categoria=Baja
342,"fixed acidity=Medio, free sulfur dioxide=Medio, volatile acidity=Alto",calidad_categoria=Baja,0.0305,0.7358,1.5818,3,SI fixed acidity=Medio Y free sulfur dioxide=Medio Y volatile acidity=Alto ENTONCES calidad_categoria=Baja
343,"free sulfur dioxide=Alto, residual sugar=Alto, volatile acidity=Alto",calidad_categoria=Baja,0.0305,0.7358,1.5818,3,SI free sulfur dioxide=Alto Y residual sugar=Alto Y volatile acidity=Alto ENTONCES calidad_categoria=Baja
344,"fixed acidity=Medio, free sulfur dioxide=Bajo, sulphates=Bajo",calidad_categoria=Baja,0.0305,0.7358,1.5818,3,SI fixed acidity=Medio Y free sulfur dioxide=Bajo Y sulphates=Bajo ENTONCES calidad_categoria=Baja
345,"chlorides=Alto, citric acid=Medio, free sulfur dioxide=Alto",calidad_categoria=Baja,0.0305,0.7358,1.5818,3,SI chlorides=Alto Y citric acid=Medio Y free sulfur dioxide=Alto ENTONCES calidad_categoria=Baja
346,"chlorides=Alto, sulphates=Bajo, total sulfur dioxide=Bajo",calidad_categoria=Baja,0.0305,0.7358,1.5818,3,SI chlorides=Alto Y sulphates=Bajo Y total sulfur dioxide=Bajo ENTONCES calidad_categoria=Baja
347,"density=Alto, pH=Medio, total sulfur dioxide=Alto",calidad_categoria=Baja,0.0281,0.7347,1.5793,3,SI density=Alto Y pH=Medio Y total sulfur dioxide=Alto ENTONCES calidad_categoria=Baja
348,"alcohol=Bajo, chlorides=Medio, citric acid=Bajo",calidad_categoria=Baja,0.0281,0.7347,1.5793,3,SI alcohol=Bajo Y chlorides=Medio Y citric acid=Bajo ENTONCES calidad_categoria=Baja
349,"alcohol=Bajo, chlorides=Medio, fixed acidity=Bajo",calidad_categoria=Baja,0.0281,0.7347,1.5793,3,SI alcohol=Bajo Y chlorides=Medio Y fixed acidity=Bajo ENTONCES calidad_categoria=Baja
350,"density=Medio, sulphates=Bajo, volatile acidity=Medio",calidad_categoria=Baja,0.0281,0.7347,1.5793,3,SI density=Medio Y sulphates=Bajo Y volatile acidity=Medio ENTONCES calidad_categoria=Baja
351,"alcohol=Alto, free sulfur dioxide=Alto, total sulfur dioxide=Medio",calidad_categoria=Media,0.0266,0.6296,1.579,3,SI alcohol=Alto Y free sulfur dioxide=Alto Y total sulfur dioxide=Medio ENTONCES calidad_categoria=Media
352,"alcohol=Alto, citric acid=Bajo, residual sugar=Medio",calidad_categoria=Media,0.0266,0.6296,1.579,3,SI alcohol=Alto Y citric acid=Bajo Y residual sugar=Medio ENTONCES calidad_categoria=Media
353,"fixed acidity=Medio, pH=Bajo, sulphates=Bajo",calidad_categoria=Baja,0.0367,0.7344,1.5786,3,SI fixed acidity=Medio Y pH=Bajo Y sulphates=Bajo ENTONCES calidad_categoria=Baja
354,"residual sugar=Alto, total sulfur dioxide=Alto, volatile acidity=Alto",calidad_categoria=Baja,0.0367,0.7344,1.5786,3,SI residual sugar=Alto Y total sulfur dioxide=Alto Y volatile acidity=Alto ENTONCES calidad_categoria=Baja
355,"chlorides=Alto, pH=Bajo, total sulfur dioxide=Alto",calidad_categoria=Baja,0.0539,0.734,1.5779,3,SI chlorides=Alto Y pH=Bajo Y total sulfur dioxide=Alto ENTONCES calidad_categoria=Baja
356,"alcohol=Bajo, density=Alto, residual sugar=Alto",calidad_categoria=Baja,0.0602,0.7333,1.5764,3,SI alcohol=Bajo Y density=Alto Y residual sugar=Alto ENTONCES calidad_categoria=Baja
357,"density=Medio, pH=Bajo, total sulfur dioxide=Alto",calidad_categoria=Baja,0.0344,0.7333,1.5764,3,SI density=Medio Y pH=Bajo Y total sulfur dioxide=Alto ENTONCES calidad_categoria=Baja
358,"chlorides=Alto, fixed acidity=Alto, total sulfur dioxide=Alto",calidad_categoria=Baja,0.0344,0.7333,1.5764,3,SI chlorides=Alto Y fixed acidity=Alto Y total sulfur dioxide=Alto ENTONCES calidad_categoria=Baja
359,"fixed acidity=Medio, total sulfur dioxide=Alto, volatile acidity=Medio",calidad_categoria=Baja,0.0344,0.7333,1.5764,3,SI fixed acidity=Medio Y total sulfur dioxide=Alto Y volatile acidity=Medio ENTONCES calidad_categoria=Baja
360,"pH=Medio, total sulfur dioxide=Alto, volatile acidity=Medio",calidad_categoria=Baja,0.0344,0.7333,1.5764,3,SI pH=Medio Y total sulfur dioxide=Alto Y volatile acidity=Medio ENTONCES calidad_categoria=Baja
361,"free sulfur dioxide=Bajo, residual sugar=Bajo, volatile acidity=Alto",calidad_categoria=Baja,0.0344,0.7333,1.5764,3,SI free sulfur dioxide=Bajo Y residual sugar=Bajo Y volatile acidity=Alto ENTONCES calidad_categoria=Baja
362,"free sulfur dioxide=Medio, residual sugar=Bajo, total sulfur dioxide=Alto",calidad_categoria=Baja,0.0258,0.7333,1.5764,3,SI free sulfur dioxide=Medio Y residual sugar=Bajo Y total sulfur dioxide=Alto ENTONCES calidad_categoria=Baja
363,"chlorides=Medio, sulphates=Bajo, total sulfur dioxide=Bajo",calidad_categoria=Baja,0.0258,0.7333,1.5764,3,SI chlorides=Medio Y sulphates=Bajo Y total sulfur dioxide=Bajo ENTONCES calidad_categoria=Baja
364,"density=Alto, sulphates=Medio, total sulfur dioxide=Alto",calidad_categoria=Baja,0.0258,0.7333,1.5764,3,SI density=Alto Y sulphates=Medio Y total sulfur dioxide=Alto ENTONCES calidad_categoria=Baja
365,"fixed acidity=Medio, residual sugar=Alto, volatile acidity=Alto",calidad_categoria=Baja,0.0258,0.7333,1.5764,3,SI fixed acidity=Medio Y residual sugar=Alto Y volatile acidity=Alto ENTONCES calidad_categoria=Baja
366,"citric acid=Bajo, density=Bajo, free sulfur dioxide=Alto",calidad_categoria=Media,0.0344,0.6286,1.5764,3,SI citric acid=Bajo Y density=Bajo Y free sulfur dioxide=Alto ENTONCES calidad_categoria=Media
367,"fixed acidity=Bajo, residual sugar=Medio, total sulfur dioxide=Bajo",calidad_categoria=Media,0.0211,0.6279,1.5747,3,SI fixed acidity=Bajo Y residual sugar=Medio Y total sulfur dioxide=Bajo ENTONCES calidad_categoria=Media
368,"density=Bajo, fixed acidity=Medio, total sulfur dioxide=Medio",calidad_categoria=Media,0.0211,0.6279,1.5747,3,SI density=Bajo Y fixed acidity=Medio Y total sulfur dioxide=Medio ENTONCES calidad_categoria=Media
369,"alcohol=Bajo, chlorides=Medio, citric acid=Medio",calidad_categoria=Baja,0.0407,0.7324,1.5743,3,SI alcohol=Bajo Y chlorides=Medio Y citric acid=Medio ENTONCES calidad_categoria=Baja
370,"fixed acidity=Medio, free sulfur dioxide=Medio, total sulfur dioxide=Alto",calidad_categoria=Baja,0.0321,0.7321,1.5738,3,SI fixed acidity=Medio Y free sulfur dioxide=Medio Y total sulfur dioxide=Alto ENTONCES calidad_categoria=Baja
371,"free sulfur dioxide=Alto, residual sugar=Alto, sulphates=Bajo",calidad_categoria=Baja,0.0321,0.7321,1.5738,3,SI free sulfur dioxide=Alto Y residual sugar=Alto Y sulphates=Bajo ENTONCES calidad_categoria=Baja
372,"residual sugar=Bajo, total sulfur dioxide=Bajo, volatile acidity=Alto",calidad_categoria=Baja,0.0321,0.7321,1.5738,3,SI residual sugar=Bajo Y total sulfur dioxide=Bajo Y volatile acidity=Alto ENTONCES calidad_categoria=Baja
373,"alcohol=Bajo, citric acid=Bajo, pH=Alto",calidad_categoria=Baja,0.0321,0.7321,1.5738,3,SI alcohol=Bajo Y citric acid=Bajo Y pH=Alto ENTONCES calidad_categoria=Baja
374,"residual sugar=Bajo, sulphates=Bajo, volatile acidity=Alto",calidad_categoria=Baja,0.0469,0.7317,1.5729,3,SI residual sugar=Bajo Y sulphates=Bajo Y volatile acidity=Alto ENTONCES calidad_categoria=Baja
375,"fixed acidity=Alto, residual sugar=Alto, sulphates=Bajo",calidad_categoria=Baja,0.0235,0.7317,1.5729,3,SI fixed acidity=Alto Y residual sugar=Alto Y sulphates=Bajo ENTONCES calidad_categoria=Baja
376,"chlorides=Bajo, citric acid=Bajo, residual sugar=Medio",calidad_categoria=Media,0.0289,0.6271,1.5727,3,SI chlorides=Bajo Y citric acid=Bajo Y residual sugar=Medio ENTONCES calidad_categoria=Media
377,"pH=Medio, total sulfur dioxide=Alto, volatile acidity=Alto",calidad_categoria=Baja,0.0297,0.7308,1.5708,3,SI pH=Medio Y total sulfur dioxide=Alto Y volatile acidity=Alto ENTONCES calidad_categoria=Baja
378,"chlorides=Alto, residual sugar=Alto, total sulfur dioxide=Alto",calidad_categoria=Baja,0.0508,0.7303,1.5699,3,SI chlorides=Alto Y residual sugar=Alto Y total sulfur dioxide=Alto ENTONCES calidad_categoria=Baja
379,"citric acid=Medio, sulphates=Bajo, total sulfur dioxide=Alto",calidad_categoria=Baja,0.0508,0.7303,1.5699,3,SI citric acid=Medio Y sulphates=Bajo Y total sulfur dioxide=Alto ENTONCES calidad_categoria=Baja
380,"pH=Alto, sulphates=Bajo, volatile acidity=Alto",calidad_categoria=Baja,0.0508,0.7303,1.5699,3,SI pH=Alto Y sulphates=Bajo Y volatile acidity=Alto ENTONCES calidad_categoria=Baja
381,"chlorides=Alto, density=Medio, volatile acidity=Alto",calidad_categoria=Baja,0.036,0.7302,1.5695,3,SI chlorides=Alto Y density=Medio Y volatile acidity=Alto ENTONCES calidad_categoria=Baja
382,"citric acid=Bajo, density=Medio, sulphates=Bajo",calidad_categoria=Baja,0.036,0.7302,1.5695,3,SI citric acid=Bajo Y density=Medio Y sulphates=Bajo ENTONCES calidad_categoria=Baja
383,"citric acid=Medio, pH=Bajo, total sulfur dioxide=Alto",calidad_categoria=Baja,0.0422,0.7297,1.5686,3,SI citric acid=Medio Y pH=Bajo Y total sulfur dioxide=Alto ENTONCES calidad_categoria=Baja
384,"alcohol=Bajo, citric acid=Alto, fixed acidity=Medio",calidad_categoria=Baja,0.0211,0.7297,1.5686,3,SI alcohol=Bajo Y citric acid=Alto Y fixed acidity=Medio ENTONCES calidad_categoria=Baja
385,"density=Bajo, fixed acidity=Bajo, sulphates=Medio",calidad_categoria=Media,0.043,0.625,1.5674,3,SI density=Bajo Y fixed acidity=Bajo Y sulphates=Medio ENTONCES calidad_categoria=Media
386,"citric acid=Medio, density=Alto, volatile acidity=Alto",calidad_categoria=Baja,0.0274,0.7292,1.5674,3,SI citric acid=Medio Y density=Alto Y volatile acidity=Alto ENTONCES calidad_categoria=Baja
387,"alcohol=Bajo, fixed acidity=Bajo, total sulfur dioxide=Alto",calidad_categoria=Baja,0.0274,0.7292,1.5674,3,SI alcohol=Bajo Y fixed acidity=Bajo Y total sulfur dioxide=Alto ENTONCES calidad_categoria=Baja
388,"alcohol=Bajo, chlorides=Medio, residual sugar=Medio",calidad_categoria=Baja,0.0274,0.7292,1.5674,3,SI alcohol=Bajo Y chlorides=Medio Y residual sugar=Medio ENTONCES calidad_categoria=Baja
389,"alcohol=Alto, citric acid=Bajo, free sulfur dioxide=Medio",calidad_categoria=Media,0.0274,0.625,1.5674,3,SI alcohol=Alto Y citric acid=Bajo Y free sulfur dioxide=Medio ENTONCES calidad_categoria=Media
390,"alcohol=Medio, pH=Bajo, volatile acidity=Medio",calidad_categoria=Media,0.0235,0.625,1.5674,3,SI alcohol=Medio Y pH=Bajo Y volatile acidity=Medio ENTONCES calidad_categoria=Media
391,"chlorides=Alto, volatile acidity=Alto",calidad_categoria=Baja,0.0946,0.7289,1.5669,2,SI chlorides=Alto Y volatile acidity=Alto ENTONCES calidad_categoria=Baja
392,"chlorides=Medio, total sulfur dioxide=Alto, volatile acidity=Medio",calidad_categoria=Baja,0.0336,0.7288,1.5666,3,SI chlorides=Medio Y total sulfur dioxide=Alto Y volatile acidity=Medio ENTONCES calidad_categoria=Baja
393,"alcohol=Medio, sulphates=Bajo, volatile acidity=Alto",calidad_categoria=Baja,0.0399,0.7286,1.5661,3,SI alcohol=Medio Y sulphates=Bajo Y volatile acidity=Alto ENTONCES calidad_categoria=Baja
394,"chlorides=Alto, free sulfur dioxide=Alto, pH=Bajo",calidad_categoria=Baja,0.0399,0.7286,1.5661,3,SI chlorides=Alto Y free sulfur dioxide=Alto Y pH=Bajo ENTONCES calidad_categoria=Baja
395,"citric acid=Medio, free sulfur dioxide=Medio, volatile acidity=Alto",calidad_categoria=Baja,0.025,0.7273,1.5633,3,SI citric acid=Medio Y free sulfur dioxide=Medio Y volatile acidity=Alto ENTONCES calidad_categoria=Baja
396,"alcohol=Alto, chlorides=Bajo, free sulfur dioxide=Alto",calidad_categoria=Media,0.0336,0.6232,1.5629,3,SI alcohol=Alto Y chlorides=Bajo Y free sulfur dioxide=Alto ENTONCES calidad_categoria=Media
397,"alcohol=Bajo, citric acid=Medio, density=Alto",calidad_categoria=Baja,0.0414,0.726,1.5607,3,SI alcohol=Bajo Y citric acid=Medio Y density=Alto ENTONCES calidad_categoria=Baja
398,"alcohol=Medio, density=Bajo, total sulfur dioxide=Medio",calidad_categoria=Media,0.0219,0.6222,1.5604,3,SI alcohol=Medio Y density=Bajo Y total sulfur dioxide=Medio ENTONCES calidad_categoria=Media
399,"alcohol=Alto, pH=Medio, residual sugar=Medio",calidad_categoria=Media,0.0219,0.6222,1.5604,3,SI alcohol=Alto Y pH=Medio Y residual sugar=Medio ENTONCES calidad_categoria=Media
400,"density=Medio, pH=Alto, volatile acidity=Alto",calidad_categoria=Baja,0.0289,0.7255,1.5595,3,SI density=Medio Y pH=Alto Y volatile acidity=Alto ENTONCES calidad_categoria=Baja
401,"density=Alto, residual sugar=Alto, total sulfur dioxide=Alto",calidad_categoria=Baja,0.068,0.725,1.5584,3,SI density=Alto Y residual sugar=Alto Y total sulfur dioxide=Alto ENTONCES calidad_categoria=Baja
402,"chlorides=Medio, fixed acidity=Alto, sulphates=Bajo",calidad_categoria=Baja,0.0227,0.725,1.5584,3,SI chlorides=Medio Y fixed acidity=Alto Y sulphates=Bajo ENTONCES calidad_categoria=Baja
403,"chlorides=Medio, pH=Bajo, total sulfur dioxide=Alto",calidad_categoria=Baja,0.0227,0.725,1.5584,3,SI chlorides=Medio Y pH=Bajo Y total sulfur dioxide=Alto ENTONCES calidad_categoria=Baja
404,"density=Alto, fixed acidity=Medio, total sulfur dioxide=Alto",calidad_categoria=Baja,0.0266,0.7234,1.555,3,SI density=Alto Y fixed acidity=Medio Y total sulfur dioxide=Alto ENTONCES calidad_categoria=Baja
405,"chlorides=Alto, total sulfur dioxide=Bajo, volatile acidity=Alto",calidad_categoria=Baja,0.0266,0.7234,1.555,3,SI chlorides=Alto Y total sulfur dioxide=Bajo Y volatile acidity=Alto ENTONCES calidad_categoria=Baja
406,"chlorides=Alto, residual sugar=Alto, volatile acidity=Alto",calidad_categoria=Baja,0.0407,0.7222,1.5525,3,SI chlorides=Alto Y residual sugar=Alto Y volatile acidity=Alto ENTONCES calidad_categoria=Baja
407,"alcohol=Bajo, citric acid=Bajo, residual sugar=Alto",calidad_categoria=Baja,0.0203,0.7222,1.5525,3,SI alcohol=Bajo Y citric acid=Bajo Y residual sugar=Alto ENTONCES calidad_categoria=Baja
408,"chlorides=Medio, density=Medio, volatile acidity=Alto",calidad_categoria=Baja,0.0305,0.7222,1.5525,3,SI chlorides=Medio Y density=Medio Y volatile acidity=Alto ENTONCES calidad_categoria=Baja
409,"alcohol=Bajo, chlorides=Medio, density=Alto",calidad_categoria=Baja,0.0446,0.7215,1.551,3,SI alcohol=Bajo Y chlorides=Medio Y density=Alto ENTONCES calidad_categoria=Baja
410,"density=Alto, total sulfur dioxide=Alto, volatile acidity=Medio",calidad_categoria=Baja,0.0344,0.7213,1.5505,3,SI density=Alto Y total sulfur dioxide=Alto Y volatile acidity=Medio ENTONCES calidad_categoria=Baja
411,"density=Medio, fixed acidity=Medio, sulphates=Bajo",calidad_categoria=Baja,0.0485,0.7209,1.5497,3,SI density=Medio Y fixed acidity=Medio Y sulphates=Bajo ENTONCES calidad_categoria=Baja
412,"alcohol=Alto, free sulfur dioxide=Alto",calidad_categoria=Media,0.0594,0.6179,1.5496,2,SI alcohol=Alto Y free sulfur dioxide=Alto ENTONCES calidad_categoria=Media
413,"free sulfur dioxide=Bajo, sulphates=Bajo, volatile acidity=Medio",calidad_categoria=Baja,0.0281,0.72,1.5477,3,SI free sulfur dioxide=Bajo Y sulphates=Bajo Y volatile acidity=Medio ENTONCES calidad_categoria=Baja
414,"alcohol=Alto, density=Bajo, total sulfur dioxide=Medio",calidad_categoria=Media,0.0453,0.617,1.5474,3,SI alcohol=Alto Y density=Bajo Y total sulfur dioxide=Medio ENTONCES calidad_categoria=Media
415,"density=Medio, volatile acidity=Alto",calidad_categoria=Baja,0.0884,0.7197,1.5471,2,SI density=Medio Y volatile acidity=Alto ENTONCES calidad_categoria=Baja
416,"alcohol=Bajo, density=Alto, pH=Medio",calidad_categoria=Baja,0.0321,0.7193,1.5462,3,SI alcohol=Bajo Y density=Alto Y pH=Medio ENTONCES calidad_categoria=Baja
417,"citric acid=Bajo, density=Alto, volatile acidity=Alto",calidad_categoria=Baja,0.036,0.7188,1.545,3,SI citric acid=Bajo Y density=Alto Y volatile acidity=Alto ENTONCES calidad_categoria=Baja
418,"fixed acidity=Medio, pH=Bajo, total sulfur dioxide=Alto",calidad_categoria=Baja,0.0399,0.7183,1.5441,3,SI fixed acidity=Medio Y pH=Bajo Y total sulfur dioxide=Alto ENTONCES calidad_categoria=Baja
419,"alcohol=Bajo, citric acid=Alto, residual sugar=Alto",calidad_categoria=Baja,0.0219,0.7179,1.5433,3,SI alcohol=Bajo Y citric acid=Alto Y residual sugar=Alto ENTONCES calidad_categoria=Baja
420,"fixed acidity=Alto, pH=Bajo, volatile acidity=Alto",calidad_categoria=Baja,0.0219,0.7179,1.5433,3,SI fixed acidity=Alto Y pH=Bajo Y volatile acidity=Alto ENTONCES calidad_categoria=Baja
421,"density=Alto, sulphates=Bajo, volatile acidity=Medio",calidad_categoria=Baja,0.0219,0.7179,1.5433,3,SI density=Alto Y sulphates=Bajo Y volatile acidity=Medio ENTONCES calidad_categoria=Baja
422,"alcohol=Bajo, fixed acidity=Medio, total sulfur dioxide=Medio",calidad_categoria=Baja,0.0297,0.717,1.5412,3,SI alcohol=Bajo Y fixed acidity=Medio Y total sulfur dioxide=Medio ENTONCES calidad_categoria=Baja
423,"alcohol=Bajo, free sulfur dioxide=Alto, residual sugar=Bajo",calidad_categoria=Baja,0.0297,0.717,1.5412,3,SI alcohol=Bajo Y free sulfur dioxide=Alto Y residual sugar=Bajo ENTONCES calidad_categoria=Baja
424,"chlorides=Medio, free sulfur dioxide=Medio, volatile acidity=Alto",calidad_categoria=Baja,0.0336,0.7167,1.5405,3,SI chlorides=Medio Y free sulfur dioxide=Medio Y volatile acidity=Alto ENTONCES calidad_categoria=Baja
425,"citric acid=Medio, pH=Bajo, sulphates=Bajo",calidad_categoria=Baja,0.0336,0.7167,1.5405,3,SI citric acid=Medio Y pH=Bajo Y sulphates=Bajo ENTONCES calidad_categoria=Baja
426,"alcohol=Medio, fixed acidity=Bajo, volatile acidity=Alto",calidad_categoria=Baja,0.0375,0.7164,1.54,3,SI alcohol=Medio Y fixed acidity=Bajo Y volatile acidity=Alto ENTONCES calidad_categoria=Baja
427,"density=Medio, sulphates=Bajo, total sulfur dioxide=Alto",calidad_categoria=Baja,0.0375,0.7164,1.54,3,SI density=Medio Y sulphates=Bajo Y total sulfur dioxide=Alto ENTONCES calidad_categoria=Baja
428,"fixed acidity=Bajo, residual sugar=Medio, sulphates=Medio",calidad_categoria=Media,0.0274,0.614,1.5399,3,SI fixed acidity=Bajo Y residual sugar=Medio Y sulphates=Medio ENTONCES calidad_categoria=Media
429,"chlorides=Medio, density=Bajo, pH=Alto",calidad_categoria=Media,0.0211,0.6136,1.5389,3,SI chlorides=Medio Y density=Bajo Y pH=Alto ENTONCES calidad_categoria=Media
430,"free sulfur dioxide=Bajo, sulphates=Medio, volatile acidity=Medio",calidad_categoria=Media,0.0211,0.6136,1.5389,3,SI free sulfur dioxide=Bajo Y sulphates=Medio Y volatile acidity=Medio ENTONCES calidad_categoria=Media
431,"alcohol=Bajo, chlorides=Alto, density=Alto",calidad_categoria=Baja,0.0532,0.7158,1.5386,3,SI alcohol=Bajo Y chlorides=Alto Y density=Alto ENTONCES calidad_categoria=Baja
432,"citric acid=Bajo, density=Bajo, residual sugar=Medio",calidad_categoria=Media,0.036,0.6133,1.5381,3,SI citric acid=Bajo Y density=Bajo Y residual sugar=Medio ENTONCES calidad_categoria=Media
433,"density=Bajo, free sulfur dioxide=Medio, volatile acidity=Medio",calidad_categoria=Media,0.0297,0.6129,1.5371,3,SI density=Bajo Y free sulfur dioxide=Medio Y volatile acidity=Medio ENTONCES calidad_categoria=Media
434,"density=Medio, residual sugar=Bajo, total sulfur dioxide=Alto",calidad_categoria=Baja,0.043,0.7143,1.5354,3,SI density=Medio Y residual sugar=Bajo Y total sulfur dioxide=Alto ENTONCES calidad_categoria=Baja
435,"density=Bajo, free sulfur dioxide=Bajo, pH=Alto",calidad_categoria=Baja,0.0274,0.7143,1.5354,3,SI density=Bajo Y free sulfur dioxide=Bajo Y pH=Alto ENTONCES calidad_categoria=Baja
436,"fixed acidity=Medio, free sulfur dioxide=Alto, volatile acidity=Alto",calidad_categoria=Baja,0.0274,0.7143,1.5354,3,SI fixed acidity=Medio Y free sulfur dioxide=Alto Y volatile acidity=Alto ENTONCES calidad_categoria=Baja
437,"free sulfur dioxide=Alto, pH=Medio, sulphates=Bajo",calidad_categoria=Baja,0.0235,0.7143,1.5354,3,SI free sulfur dioxide=Alto Y pH=Medio Y sulphates=Bajo ENTONCES calidad_categoria=Baja
438,"alcohol=Bajo, free sulfur dioxide=Alto, sulphates=Medio",calidad_categoria=Baja,0.0235,0.7143,1.5354,3,SI alcohol=Bajo Y free sulfur dioxide=Alto Y sulphates=Medio ENTONCES calidad_categoria=Baja
439,"chlorides=Alto, sulphates=Bajo",calidad_categoria=Baja,0.0743,0.7143,1.5354,2,SI chlorides=Alto Y sulphates=Bajo ENTONCES calidad_categoria=Baja
440,"alcohol=Bajo, chlorides=Medio, pH=Medio",calidad_categoria=Baja,0.0313,0.7143,1.5354,3,SI alcohol=Bajo Y chlorides=Medio Y pH=Medio ENTONCES calidad_categoria=Baja
441,"free sulfur dioxide=Alto, pH=Alto, total sulfur dioxide=Medio",calidad_categoria=Media,0.0321,0.6119,1.5347,3,SI free sulfur dioxide=Alto Y pH=Alto Y total sulfur dioxide=Medio ENTONCES calidad_categoria=Media
442,"alcohol=Bajo, citric acid=Medio, residual sugar=Bajo",calidad_categoria=Baja,0.0446,0.7125,1.5316,3,SI alcohol=Bajo Y citric acid=Medio Y residual sugar=Bajo ENTONCES calidad_categoria=Baja
443,alcohol=Bajo,calidad_categoria=Baja,0.2439,0.7123,1.5312,1,SI alcohol=Bajo ENTONCES calidad_categoria=Baja
444,"pH=Medio, sulphates=Bajo, volatile acidity=Alto",calidad_categoria=Baja,0.0407,0.7123,1.5312,3,SI pH=Medio Y sulphates=Bajo Y volatile acidity=Alto ENTONCES calidad_categoria=Baja
445,"alcohol=Bajo, pH=Bajo, sulphates=Alto",calidad_categoria=Baja,0.0328,0.7119,1.5302,3,SI alcohol=Bajo Y pH=Bajo Y sulphates=Alto ENTONCES calidad_categoria=Baja
446,"density=Alto, total sulfur dioxide=Alto",calidad_categoria=Baja,0.0868,0.7115,1.5295,2,SI density=Alto Y total sulfur dioxide=Alto ENTONCES calidad_categoria=Baja
447,"pH=Bajo, sulphates=Bajo, volatile acidity=Medio",calidad_categoria=Baja,0.0289,0.7115,1.5295,3,SI pH=Bajo Y sulphates=Bajo Y volatile acidity=Medio ENTONCES calidad_categoria=Baja
448,"citric acid=Medio, residual sugar=Medio, sulphates=Bajo",calidad_categoria=Baja,0.0289,0.7115,1.5295,3,SI citric acid=Medio Y residual sugar=Medio Y sulphates=Bajo ENTONCES calidad_categoria=Baja
449,"density=Medio, free sulfur dioxide=Bajo, volatile acidity=Alto",calidad_categoria=Baja,0.0289,0.7115,1.5295,3,SI density=Medio Y free sulfur dioxide=Bajo Y volatile acidity=Alto ENTONCES calidad_categoria=Baja
450,"fixed acidity=Medio, volatile acidity=Alto",calidad_categoria=Baja,0.0829,0.7114,1.5292,2,SI fixed acidity=Medio Y volatile acidity=Alto ENTONCES calidad_categoria=Baja
451,"fixed acidity=Bajo, sulphates=Bajo, volatile acidity=Alto",calidad_categoria=Baja,0.0539,0.7113,1.5291,3,SI fixed acidity=Bajo Y sulphates=Bajo Y volatile acidity=Alto ENTONCES calidad_categoria=Baja
452,"citric acid=Bajo, sulphates=Bajo, volatile acidity=Alto",calidad_categoria=Baja,0.079,0.7113,1.5289,3,SI citric acid=Bajo Y sulphates=Bajo Y volatile acidity=Alto ENTONCES calidad_categoria=Baja
453,"alcohol=Bajo, citric acid=Medio, density=Medio",calidad_categoria=Baja,0.05,0.7111,1.5286,3,SI alcohol=Bajo Y citric acid=Medio Y density=Medio ENTONCES calidad_categoria=Baja
454,"density=Medio, residual sugar=Alto, sulphates=Bajo",calidad_categoria=Baja,0.025,0.7111,1.5286,3,SI density=Medio Y residual sugar=Alto Y sulphates=Bajo ENTONCES calidad_categoria=Baja
455,"alcohol=Bajo, free sulfur dioxide=Medio, residual sugar=Alto",calidad_categoria=Baja,0.0211,0.7105,1.5273,3,SI alcohol=Bajo Y free sulfur dioxide=Medio Y residual sugar=Alto ENTONCES calidad_categoria=Baja
456,"density=Medio, free sulfur dioxide=Alto, pH=Bajo",calidad_categoria=Baja,0.0211,0.7105,1.5273,3,SI density=Medio Y free sulfur dioxide=Alto Y pH=Bajo ENTONCES calidad_categoria=Baja
457,"alcohol=Bajo, density=Medio, free sulfur dioxide=Medio",calidad_categoria=Baja,0.0383,0.7101,1.5265,3,SI alcohol=Bajo Y density=Medio Y free sulfur dioxide=Medio ENTONCES calidad_categoria=Baja
458,"fixed acidity=Medio, residual sugar=Bajo, total sulfur dioxide=Alto",calidad_categoria=Baja,0.0383,0.7101,1.5265,3,SI fixed acidity=Medio Y residual sugar=Bajo Y total sulfur dioxide=Alto ENTONCES calidad_categoria=Baja
459,"citric acid=Bajo, pH=Alto, residual sugar=Alto",calidad_categoria=Baja,0.0383,0.7101,1.5265,3,SI citric acid=Bajo Y pH=Alto Y residual sugar=Alto ENTONCES calidad_categoria=Baja
460,"fixed acidity=Medio, free sulfur dioxide=Alto, sulphates=Bajo",calidad_categoria=Baja,0.0344,0.7097,1.5255,3,SI fixed acidity=Medio Y free sulfur dioxide=Alto Y sulphates=Bajo ENTONCES calidad_categoria=Baja
461,"alcohol=Medio, chlorides=Medio, density=Bajo",calidad_categoria=Media,0.0242,0.6078,1.5244,3,SI alcohol=Medio Y chlorides=Medio Y density=Bajo ENTONCES calidad_categoria=Media
462,"chlorides=Alto, free sulfur dioxide=Medio, residual sugar=Bajo",calidad_categoria=Baja,0.0305,0.7091,1.5242,3,SI chlorides=Alto Y free sulfur dioxide=Medio Y residual sugar=Bajo ENTONCES calidad_categoria=Baja
463,"alcohol=Bajo, chlorides=Medio, free sulfur dioxide=Medio",calidad_categoria=Baja,0.0305,0.7091,1.5242,3,SI alcohol=Bajo Y chlorides=Medio Y free sulfur dioxide=Medio ENTONCES calidad_categoria=Baja
464,"chlorides=Alto, fixed acidity=Alto, free sulfur dioxide=Alto",calidad_categoria=Baja,0.0305,0.7091,1.5242,3,SI chlorides=Alto Y fixed acidity=Alto Y free sulfur dioxide=Alto ENTONCES calidad_categoria=Baja
465,"alcohol=Bajo, fixed acidity=Medio, sulphates=Alto",calidad_categoria=Baja,0.0266,0.7083,1.5226,3,SI alcohol=Bajo Y fixed acidity=Medio Y sulphates=Alto ENTONCES calidad_categoria=Baja
466,"alcohol=Bajo, chlorides=Alto, citric acid=Bajo",calidad_categoria=Baja,0.0266,0.7083,1.5226,3,SI alcohol=Bajo Y chlorides=Alto Y citric acid=Bajo ENTONCES calidad_categoria=Baja
467,"alcohol=Bajo, fixed acidity=Bajo, free sulfur dioxide=Medio",calidad_categoria=Baja,0.0266,0.7083,1.5226,3,SI alcohol=Bajo Y fixed acidity=Bajo Y free sulfur dioxide=Medio ENTONCES calidad_categoria=Baja
468,"residual sugar=Bajo, volatile acidity=Alto",calidad_categoria=Baja,0.0907,0.7073,1.5204,2,SI residual sugar=Bajo Y volatile acidity=Alto ENTONCES calidad_categoria=Baja
469,"chlorides=Alto, free sulfur dioxide=Alto, residual sugar=Alto",calidad_categoria=Baja,0.0453,0.7073,1.5204,3,SI chlorides=Alto Y free sulfur dioxide=Alto Y residual sugar=Alto ENTONCES calidad_categoria=Baja
470,"free sulfur dioxide=Bajo, residual sugar=Medio, sulphates=Bajo",calidad_categoria=Baja,0.0227,0.7073,1.5204,3,SI free sulfur dioxide=Bajo Y residual sugar=Medio Y sulphates=Bajo ENTONCES calidad_categoria=Baja
471,"alcohol=Bajo, citric acid=Medio, free sulfur dioxide=Medio",calidad_categoria=Baja,0.0321,0.7069,1.5195,3,SI alcohol=Bajo Y citric acid=Medio Y free sulfur dioxide=Medio ENTONCES calidad_categoria=Baja
472,"alcohol=Bajo, residual sugar=Bajo",calidad_categoria=Baja,0.1071,0.7062,1.518,2,SI alcohol=Bajo Y residual sugar=Bajo ENTONCES calidad_categoria=Baja
473,"alcohol=Bajo, fixed acidity=Alto",calidad_categoria=Baja,0.0657,0.7059,1.5174,2,SI alcohol=Bajo Y fixed acidity=Alto ENTONCES calidad_categoria=Baja
474,"alcohol=Bajo, free sulfur dioxide=Medio, residual sugar=Bajo",calidad_categoria=Baja,0.0375,0.7059,1.5174,3,SI alcohol=Bajo Y free sulfur dioxide=Medio Y residual sugar=Bajo ENTONCES calidad_categoria=Baja
475,"density=Alto, pH=Bajo, total sulfur dioxide=Alto",calidad_categoria=Baja,0.0375,0.7059,1.5174,3,SI density=Alto Y pH=Bajo Y total sulfur dioxide=Alto ENTONCES calidad_categoria=Baja
476,"fixed acidity=Bajo, free sulfur dioxide=Bajo, sulphates=Bajo",calidad_categoria=Baja,0.0375,0.7059,1.5174,3,SI fixed acidity=Bajo Y free sulfur dioxide=Bajo Y sulphates=Bajo ENTONCES calidad_categoria=Baja
477,"density=Medio, free sulfur dioxide=Alto, sulphates=Bajo",calidad_categoria=Baja,0.0281,0.7059,1.5174,3,SI density=Medio Y free sulfur dioxide=Alto Y sulphates=Bajo ENTONCES calidad_categoria=Baja
478,"free sulfur dioxide=Bajo, sulphates=Bajo, total sulfur dioxide=Bajo",calidad_categoria=Baja,0.0711,0.7054,1.5164,3,SI free sulfur dioxide=Bajo Y sulphates=Bajo Y total sulfur dioxide=Bajo ENTONCES calidad_categoria=Baja
479,"alcohol=Bajo, citric acid=Medio, volatile acidity=Medio",calidad_categoria=Baja,0.043,0.7051,1.5157,3,SI alcohol=Bajo Y citric acid=Medio Y volatile acidity=Medio ENTONCES calidad_categoria=Baja
480,"chlorides=Alto, citric acid=Medio, residual sugar=Alto",calidad_categoria=Baja,0.0336,0.7049,1.5153,3,SI chlorides=Alto Y citric acid=Medio Y residual sugar=Alto ENTONCES calidad_categoria=Baja
481,"alcohol=Bajo, chlorides=Medio, free sulfur dioxide=Alto",calidad_categoria=Baja,0.0336,0.7049,1.5153,3,SI alcohol=Bajo Y chlorides=Medio Y free sulfur dioxide=Alto ENTONCES calidad_categoria=Baja
482,"alcohol=Bajo, density=Alto, fixed acidity=Alto",calidad_categoria=Baja,0.0579,0.7048,1.5149,3,SI alcohol=Bajo Y density=Alto Y fixed acidity=Alto ENTONCES calidad_categoria=Baja
483,"alcohol=Alto, citric acid=Alto, residual sugar=Bajo",calidad_categoria=Media,0.025,0.6038,1.5142,3,SI alcohol=Alto Y citric acid=Alto Y residual sugar=Bajo ENTONCES calidad_categoria=Media
484,"alcohol=Bajo, fixed acidity=Medio, residual sugar=Bajo",calidad_categoria=Baja,0.0539,0.7041,1.5135,3,SI alcohol=Bajo Y fixed acidity=Medio Y residual sugar=Bajo ENTONCES calidad_categoria=Baja
485,"free sulfur dioxide=Bajo, total sulfur dioxide=Bajo, volatile acidity=Alto",calidad_categoria=Baja,0.0539,0.7041,1.5135,3,SI free sulfur dioxide=Bajo Y total sulfur dioxide=Bajo Y volatile acidity=Alto ENTONCES calidad_categoria=Baja
486,"fixed acidity=Bajo, total sulfur dioxide=Medio, volatile acidity=Medio",calidad_categoria=Media,0.0274,0.6034,1.5134,3,SI fixed acidity=Bajo Y total sulfur dioxide=Medio Y volatile acidity=Medio ENTONCES calidad_categoria=Media
487,"alcohol=Alto, fixed acidity=Bajo, free sulfur dioxide=Alto",calidad_categoria=Media,0.0274,0.6034,1.5134,3,SI alcohol=Alto Y fixed acidity=Bajo Y free sulfur dioxide=Alto ENTONCES calidad_categoria=Media
488,"alcohol=Bajo, residual sugar=Alto, volatile acidity=Medio",calidad_categoria=Baja,0.0297,0.7037,1.5127,3,SI alcohol=Bajo Y residual sugar=Alto Y volatile acidity=Medio ENTONCES calidad_categoria=Baja
489,"alcohol=Bajo, chlorides=Alto, volatile acidity=Medio",calidad_categoria=Baja,0.0297,0.7037,1.5127,3,SI alcohol=Bajo Y chlorides=Alto Y volatile acidity=Medio ENTONCES calidad_categoria=Baja
490,"density=Alto, residual sugar=Alto, volatile acidity=Alto",calidad_categoria=Baja,0.0446,0.7037,1.5127,3,SI density=Alto Y residual sugar=Alto Y volatile acidity=Alto ENTONCES calidad_categoria=Baja
491,"density=Alto, free sulfur dioxide=Alto, total sulfur dioxide=Alto",calidad_categoria=Baja,0.0649,0.7034,1.512,3,SI density=Alto Y free sulfur dioxide=Alto Y total sulfur dioxide=Alto ENTONCES calidad_categoria=Baja
492,"alcohol=Bajo, density=Medio, free sulfur dioxide=Alto",calidad_categoria=Baja,0.0352,0.7031,1.5114,3,SI alcohol=Bajo Y density=Medio Y free sulfur dioxide=Alto ENTONCES calidad_categoria=Baja
493,"chlorides=Alto, total sulfur dioxide=Alto",calidad_categoria=Baja,0.0907,0.703,1.5112,2,SI chlorides=Alto Y total sulfur dioxide=Alto ENTONCES calidad_categoria=Baja
494,"alcohol=Bajo, citric acid=Bajo",calidad_categoria=Baja,0.0758,0.7029,1.5109,2,SI alcohol=Bajo Y citric acid=Bajo ENTONCES calidad_categoria=Baja
495,"chlorides=Alto, citric acid=Medio, residual sugar=Bajo",calidad_categoria=Baja,0.0203,0.7027,1.5105,3,SI chlorides=Alto Y citric acid=Medio Y residual sugar=Bajo ENTONCES calidad_categoria=Baja
496,"residual sugar=Bajo, sulphates=Alto, volatile acidity=Alto",calidad_categoria=Baja,0.0203,0.7027,1.5105,3,SI residual sugar=Bajo Y sulphates=Alto Y volatile acidity=Alto ENTONCES calidad_categoria=Baja
497,"citric acid=Medio, free sulfur dioxide=Bajo, volatile acidity=Alto",calidad_categoria=Baja,0.0203,0.7027,1.5105,3,SI citric acid=Medio Y free sulfur dioxide=Bajo Y volatile acidity=Alto ENTONCES calidad_categoria=Baja
498,"alcohol=Medio, pH=Alto, total sulfur dioxide=Alto",calidad_categoria=Baja,0.0203,0.7027,1.5105,3,SI alcohol=Medio Y pH=Alto Y total sulfur dioxide=Alto ENTONCES calidad_categoria=Baja
499,"chlorides=Medio, citric acid=Bajo, volatile acidity=Alto",calidad_categoria=Baja,0.0461,0.7024,1.5098,3,SI chlorides=Medio Y citric acid=Bajo Y volatile acidity=Alto ENTONCES calidad_categoria=Baja
500,"chlorides=Medio, sulphates=Bajo",calidad_categoria=Baja,0.0977,0.7022,1.5095,2,SI chlorides=Medio Y sulphates=Bajo ENTONCES calidad_categoria=Baja
501,"free sulfur dioxide=Medio, total sulfur dioxide=Alto, volatile acidity=Medio",calidad_categoria=Baja,0.0258,0.7021,1.5093,3,SI free sulfur dioxide=Medio Y total sulfur dioxide=Alto Y volatile acidity=Medio ENTONCES calidad_categoria=Baja
502,"chlorides=Medio, free sulfur dioxide=Medio, total sulfur dioxide=Alto",calidad_categoria=Baja,0.0258,0.7021,1.5093,3,SI chlorides=Medio Y free sulfur dioxide=Medio Y total sulfur dioxide=Alto ENTONCES calidad_categoria=Baja
503,"alcohol=Bajo, residual sugar=Bajo, total sulfur dioxide=Medio",calidad_categoria=Baja,0.0313,0.7018,1.5085,3,SI alcohol=Bajo Y residual sugar=Bajo Y total sulfur dioxide=Medio ENTONCES calidad_categoria=Baja
504,"citric acid=Medio, residual sugar=Bajo, sulphates=Bajo",calidad_categoria=Baja,0.0367,0.7015,1.5079,3,SI citric acid=Medio Y residual sugar=Bajo Y sulphates=Bajo ENTONCES calidad_categoria=Baja
505,"chlorides=Medio, citric acid=Bajo, sulphates=Bajo",calidad_categoria=Baja,0.0438,0.7,1.5047,3,SI chlorides=Medio Y citric acid=Bajo Y sulphates=Bajo ENTONCES calidad_categoria=Baja
506,"free sulfur dioxide=Alto, residual sugar=Bajo, sulphates=Bajo",calidad_categoria=Baja,0.0274,0.7,1.5047,3,SI free sulfur dioxide=Alto Y residual sugar=Bajo Y sulphates=Bajo ENTONCES calidad_categoria=Baja
507,"alcohol=Bajo, fixed acidity=Bajo, pH=Medio",calidad_categoria=Baja,0.0274,0.7,1.5047,3,SI alcohol=Bajo Y fixed acidity=Bajo Y pH=Medio ENTONCES calidad_categoria=Baja
508,"fixed acidity=Bajo, total sulfur dioxide=Alto, volatile acidity=Alto",calidad_categoria=Baja,0.0274,0.7,1.5047,3,SI fixed acidity=Bajo Y total sulfur dioxide=Alto Y volatile acidity=Alto ENTONCES calidad_categoria=Baja
509,"density=Medio, total sulfur dioxide=Bajo, volatile acidity=Alto",calidad_categoria=Baja,0.0274,0.7,1.5047,3,SI density=Medio Y total sulfur dioxide=Bajo Y volatile acidity=Alto ENTONCES calidad_categoria=Baja
510,"fixed acidity=Bajo, residual sugar=Alto, volatile acidity=Alto",calidad_categoria=Baja,0.0274,0.7,1.5047,3,SI fixed acidity=Bajo Y residual sugar=Alto Y volatile acidity=Alto ENTONCES calidad_categoria=Baja
511,"alcohol=Bajo, chlorides=Medio, fixed acidity=Alto",calidad_categoria=Baja,0.0219,0.7,1.5047,3,SI alcohol=Bajo Y chlorides=Medio Y fixed acidity=Alto ENTONCES calidad_categoria=Baja
512,"alcohol=Bajo, citric acid=Medio, free sulfur dioxide=Bajo",calidad_categoria=Baja,0.0219,0.7,1.5047,3,SI alcohol=Bajo Y citric acid=Medio Y free sulfur dioxide=Bajo ENTONCES calidad_categoria=Baja
513,"alcohol=Bajo, fixed acidity=Bajo, total sulfur dioxide=Bajo",calidad_categoria=Baja,0.0219,0.7,1.5047,3,SI alcohol=Bajo Y fixed acidity=Bajo Y total sulfur dioxide=Bajo ENTONCES calidad_categoria=Baja
514,"chlorides=Bajo, density=Medio, volatile acidity=Alto",calidad_categoria=Baja,0.0219,0.7,1.5047,3,SI chlorides=Bajo Y density=Medio Y volatile acidity=Alto ENTONCES calidad_categoria=Baja
515,"citric acid=Bajo, density=Medio, residual sugar=Alto",calidad_categoria=Baja,0.0219,0.7,1.5047,3,SI citric acid=Bajo Y density=Medio Y residual sugar=Alto ENTONCES calidad_categoria=Baja
516,"citric acid=Bajo, free sulfur dioxide=Alto, pH=Alto",calidad_categoria=Media,0.0375,0.6,1.5047,3,SI citric acid=Bajo Y free sulfur dioxide=Alto Y pH=Alto ENTONCES calidad_categoria=Media
517,"density=Bajo, residual sugar=Bajo, total sulfur dioxide=Medio",calidad_categoria=Media,0.0352,0.6,1.5047,3,SI density=Bajo Y residual sugar=Bajo Y total sulfur dioxide=Medio ENTONCES calidad_categoria=Media
518,"free sulfur dioxide=Medio, residual sugar=Bajo, volatile acidity=Alto",calidad_categoria=Baja,0.0383,0.7,1.5047,3,SI free sulfur dioxide=Medio Y residual sugar=Bajo Y volatile acidity=Alto ENTONCES calidad_categoria=Baja
519,"alcohol=Bajo, fixed acidity=Medio, volatile acidity=Medio",calidad_categoria=Baja,0.0383,0.7,1.5047,3,SI alcohol=Bajo Y fixed acidity=Medio Y volatile acidity=Medio ENTONCES calidad_categoria=Baja
520,"density=Bajo, free sulfur dioxide=Alto, total sulfur dioxide=Medio",calidad_categoria=Media,0.0305,0.6,1.5047,3,SI density=Bajo Y free sulfur dioxide=Alto Y total sulfur dioxide=Medio ENTONCES calidad_categoria=Media
521,"chlorides=Bajo, citric acid=Bajo, sulphates=Medio",calidad_categoria=Media,0.0258,0.6,1.5047,3,SI chlorides=Bajo Y citric acid=Bajo Y sulphates=Medio ENTONCES calidad_categoria=Media
522,"density=Alto, sulphates=Alto, total sulfur dioxide=Medio",calidad_categoria=Media,0.0211,0.6,1.5047,3,SI density=Alto Y sulphates=Alto Y total sulfur dioxide=Medio ENTONCES calidad_categoria=Media
523,"alcohol=Alto, sulphates=Medio, volatile acidity=Medio",calidad_categoria=Media,0.0211,0.6,1.5047,3,SI alcohol=Alto Y sulphates=Medio Y volatile acidity=Medio ENTONCES calidad_categoria=Media
524,"alcohol=Bajo, free sulfur dioxide=Medio",calidad_categoria=Baja,0.0797,0.6986,1.5018,2,SI alcohol=Bajo Y free sulfur dioxide=Medio ENTONCES calidad_categoria=Baja
525,"alcohol=Bajo, free sulfur dioxide=Bajo, residual sugar=Bajo",calidad_categoria=Baja,0.0399,0.6986,1.5018,3,SI alcohol=Bajo Y free sulfur dioxide=Bajo Y residual sugar=Bajo ENTONCES calidad_categoria=Baja
526,"residual sugar=Alto, total sulfur dioxide=Alto, volatile acidity=Medio",calidad_categoria=Baja,0.0344,0.6984,1.5013,3,SI residual sugar=Alto Y total sulfur dioxide=Alto Y volatile acidity=Medio ENTONCES calidad_categoria=Baja
527,"pH=Bajo, sulphates=Bajo",calidad_categoria=Baja,0.0758,0.6978,1.5001,2,SI pH=Bajo Y sulphates=Bajo ENTONCES calidad_categoria=Baja
528,"density=Alto, volatile acidity=Alto",calidad_categoria=Baja,0.0704,0.6977,1.4997,2,SI density=Alto Y volatile acidity=Alto ENTONCES calidad_categoria=Baja
529,"chlorides=Medio, total sulfur dioxide=Alto, volatile acidity=Alto",calidad_categoria=Baja,0.0235,0.6977,1.4997,3,SI chlorides=Medio Y total sulfur dioxide=Alto Y volatile acidity=Alto ENTONCES calidad_categoria=Baja
530,"chlorides=Medio, citric acid=Medio, volatile acidity=Alto",calidad_categoria=Baja,0.0235,0.6977,1.4997,3,SI chlorides=Medio Y citric acid=Medio Y volatile acidity=Alto ENTONCES calidad_categoria=Baja
531,"density=Alto, free sulfur dioxide=Medio, volatile acidity=Alto",calidad_categoria=Baja,0.0235,0.6977,1.4997,3,SI density=Alto Y free sulfur dioxide=Medio Y volatile acidity=Alto ENTONCES calidad_categoria=Baja
532,"chlorides=Alto, fixed acidity=Medio, residual sugar=Bajo",calidad_categoria=Baja,0.036,0.697,1.4982,3,SI chlorides=Alto Y fixed acidity=Medio Y residual sugar=Bajo ENTONCES calidad_categoria=Baja
533,"alcohol=Bajo, density=Alto, fixed acidity=Medio",calidad_categoria=Baja,0.036,0.697,1.4982,3,SI alcohol=Bajo Y density=Alto Y fixed acidity=Medio ENTONCES calidad_categoria=Baja
534,"density=Medio, sulphates=Bajo",calidad_categoria=Baja,0.0844,0.6968,1.4978,2,SI density=Medio Y sulphates=Bajo ENTONCES calidad_categoria=Baja
535,"alcohol=Bajo, density=Alto, pH=Bajo",calidad_categoria=Baja,0.0485,0.6966,1.4975,3,SI alcohol=Bajo Y density=Alto Y pH=Bajo ENTONCES calidad_categoria=Baja
536,"alcohol=Bajo, density=Medio, volatile acidity=Medio",calidad_categoria=Baja,0.0305,0.6964,1.497,3,SI alcohol=Bajo Y density=Medio Y volatile acidity=Medio ENTONCES calidad_categoria=Baja
537,"free sulfur dioxide=Medio, sulphates=Bajo, volatile acidity=Alto",calidad_categoria=Baja,0.043,0.6962,1.4965,3,SI free sulfur dioxide=Medio Y sulphates=Bajo Y volatile acidity=Alto ENTONCES calidad_categoria=Baja
538,"chlorides=Medio, fixed acidity=Medio, sulphates=Bajo",calidad_categoria=Baja,0.0375,0.6957,1.4954,3,SI chlorides=Medio Y fixed acidity=Medio Y sulphates=Bajo ENTONCES calidad_categoria=Baja
539,"pH=Bajo, residual sugar=Alto, total sulfur dioxide=Alto",calidad_categoria=Baja,0.0375,0.6957,1.4954,3,SI pH=Bajo Y residual sugar=Alto Y total sulfur dioxide=Alto ENTONCES calidad_categoria=Baja
540,"chlorides=Medio, fixed acidity=Bajo, sulphates=Bajo",calidad_categoria=Baja,0.0375,0.6957,1.4954,3,SI chlorides=Medio Y fixed acidity=Bajo Y sulphates=Bajo ENTONCES calidad_categoria=Baja
541,"citric acid=Bajo, pH=Bajo",calidad_categoria=Baja,0.025,0.6957,1.4954,2,SI citric acid=Bajo Y pH=Bajo ENTONCES calidad_categoria=Baja
542,"alcohol=Bajo, chlorides=Alto, free sulfur dioxide=Bajo",calidad_categoria=Baja,0.025,0.6957,1.4954,3,SI alcohol=Bajo Y chlorides=Alto Y free sulfur dioxide=Bajo ENTONCES calidad_categoria=Baja
543,"alcohol=Bajo, density=Medio, residual sugar=Medio",calidad_categoria=Baja,0.025,0.6957,1.4954,3,SI alcohol=Bajo Y density=Medio Y residual sugar=Medio ENTONCES calidad_categoria=Baja
544,"alcohol=Bajo, residual sugar=Bajo, volatile acidity=Medio",calidad_categoria=Baja,0.0321,0.6949,1.4938,3,SI alcohol=Bajo Y residual sugar=Bajo Y volatile acidity=Medio ENTONCES calidad_categoria=Baja
545,"citric acid=Medio, sulphates=Bajo",calidad_categoria=Baja,0.0907,0.6946,1.4931,2,SI citric acid=Medio Y sulphates=Bajo ENTONCES calidad_categoria=Baja
546,"citric acid=Medio, total sulfur dioxide=Alto, volatile acidity=Medio",calidad_categoria=Baja,0.0461,0.6941,1.4921,3,SI citric acid=Medio Y total sulfur dioxide=Alto Y volatile acidity=Medio ENTONCES calidad_categoria=Baja
547,"residual sugar=Alto, volatile acidity=Alto",calidad_categoria=Baja,0.0727,0.694,1.4919,2,SI residual sugar=Alto Y volatile acidity=Alto ENTONCES calidad_categoria=Baja
548,"alcohol=Bajo, free sulfur dioxide=Medio, pH=Bajo",calidad_categoria=Baja,0.0266,0.6939,1.4915,3,SI alcohol=Bajo Y free sulfur dioxide=Medio Y pH=Bajo ENTONCES calidad_categoria=Baja
549,"pH=Bajo, residual sugar=Bajo, total sulfur dioxide=Alto",calidad_categoria=Baja,0.0266,0.6939,1.4915,3,SI pH=Bajo Y residual sugar=Bajo Y total sulfur dioxide=Alto ENTONCES calidad_categoria=Baja
550,"chlorides=Alto, pH=Bajo, residual sugar=Bajo",calidad_categoria=Baja,0.0336,0.6935,1.4908,3,SI chlorides=Alto Y pH=Bajo Y residual sugar=Bajo ENTONCES calidad_categoria=Baja
551,"citric acid=Bajo, fixed acidity=Bajo, residual sugar=Alto",calidad_categoria=Baja,0.0336,0.6935,1.4908,3,SI citric acid=Bajo Y fixed acidity=Bajo Y residual sugar=Alto ENTONCES calidad_categoria=Baja
552,"citric acid=Bajo, residual sugar=Alto, volatile acidity=Alto",calidad_categoria=Baja,0.0407,0.6933,1.4904,3,SI citric acid=Bajo Y residual sugar=Alto Y volatile acidity=Alto ENTONCES calidad_categoria=Baja
553,"chlorides=Medio, density=Medio, sulphates=Bajo",calidad_categoria=Baja,0.0352,0.6923,1.4882,3,SI chlorides=Medio Y density=Medio Y sulphates=Bajo ENTONCES calidad_categoria=Baja
554,"density=Medio, residual sugar=Bajo, sulphates=Bajo",calidad_categoria=Baja,0.0352,0.6923,1.4882,3,SI density=Medio Y residual sugar=Bajo Y sulphates=Bajo ENTONCES calidad_categoria=Baja
555,"citric acid=Medio, pH=Medio, sulphates=Bajo",calidad_categoria=Baja,0.0422,0.6923,1.4882,3,SI citric acid=Medio Y pH=Medio Y sulphates=Bajo ENTONCES calidad_categoria=Baja
556,"chlorides=Alto, citric acid=Medio, fixed acidity=Alto",calidad_categoria=Baja,0.0281,0.6923,1.4882,3,SI chlorides=Alto Y citric acid=Medio Y fixed acidity=Alto ENTONCES calidad_categoria=Baja
557,"free sulfur dioxide=Medio, sulphates=Medio, total sulfur dioxide=Alto",calidad_categoria=Baja,0.0211,0.6923,1.4882,3,SI free sulfur dioxide=Medio Y sulphates=Medio Y total sulfur dioxide=Alto ENTONCES calidad_categoria=Baja
558,"chlorides=Alto, citric acid=Medio, pH=Medio",calidad_categoria=Baja,0.0211,0.6923,1.4882,3,SI chlorides=Alto Y citric acid=Medio Y pH=Medio ENTONCES calidad_categoria=Baja
559,"density=Alto, pH=Alto, total sulfur dioxide=Alto",calidad_categoria=Baja,0.0211,0.6923,1.4882,3,SI density=Alto Y pH=Alto Y total sulfur dioxide=Alto ENTONCES calidad_categoria=Baja
560,"chlorides=Medio, total sulfur dioxide=Bajo, volatile acidity=Alto",calidad_categoria=Baja,0.0211,0.6923,1.4882,3,SI chlorides=Medio Y total sulfur dioxide=Bajo Y volatile acidity=Alto ENTONCES calidad_categoria=Baja
561,"fixed acidity=Medio, sulphates=Bajo",calidad_categoria=Baja,0.0946,0.6914,1.4863,2,SI fixed acidity=Medio Y sulphates=Bajo ENTONCES calidad_categoria=Baja
562,"chlorides=Alto, fixed acidity=Medio, free sulfur dioxide=Medio",calidad_categoria=Baja,0.0297,0.6909,1.4852,3,SI chlorides=Alto Y fixed acidity=Medio Y free sulfur dioxide=Medio ENTONCES calidad_categoria=Baja
563,"density=Medio, free sulfur dioxide=Medio, total sulfur dioxide=Alto",calidad_categoria=Baja,0.0297,0.6909,1.4852,3,SI density=Medio Y free sulfur dioxide=Medio Y total sulfur dioxide=Alto ENTONCES calidad_categoria=Baja
564,"alcohol=Medio, chlorides=Medio, density=Medio",calidad_categoria=Baja,0.0297,0.6909,1.4852,3,SI alcohol=Medio Y chlorides=Medio Y density=Medio ENTONCES calidad_categoria=Baja
565,"alcohol=Bajo, chlorides=Medio, volatile acidity=Medio",calidad_categoria=Baja,0.0297,0.6909,1.4852,3,SI alcohol=Bajo Y chlorides=Medio Y volatile acidity=Medio ENTONCES calidad_categoria=Baja
566,"free sulfur dioxide=Medio, pH=Medio, total sulfur dioxide=Alto",calidad_categoria=Baja,0.0297,0.6909,1.4852,3,SI free sulfur dioxide=Medio Y pH=Medio Y total sulfur dioxide=Alto ENTONCES calidad_categoria=Baja
567,"alcohol=Bajo, pH=Medio",calidad_categoria=Baja,0.0821,0.6908,1.4849,2,SI alcohol=Bajo Y pH=Medio ENTONCES calidad_categoria=Baja
568,"alcohol=Bajo, fixed acidity=Alto, pH=Bajo",calidad_categoria=Baja,0.0453,0.6905,1.4842,3,SI alcohol=Bajo Y fixed acidity=Alto Y pH=Bajo ENTONCES calidad_categoria=Baja
569,"chlorides=Medio, density=Alto, fixed acidity=Medio",calidad_categoria=Baja,0.0227,0.6905,1.4842,3,SI chlorides=Medio Y density=Alto Y fixed acidity=Medio ENTONCES calidad_categoria=Baja
570,"alcohol=Bajo, density=Alto",calidad_categoria=Baja,0.1063,0.6904,1.484,2,SI alcohol=Bajo Y density=Alto ENTONCES calidad_categoria=Baja
571,"alcohol=Bajo, volatile acidity=Medio",calidad_categoria=Baja,0.0837,0.6903,1.4839,2,SI alcohol=Bajo Y volatile acidity=Medio ENTONCES calidad_categoria=Baja
572,"fixed acidity=Alto, volatile acidity=Alto",calidad_categoria=Baja,0.0383,0.6901,1.4835,2,SI fixed acidity=Alto Y volatile acidity=Alto ENTONCES calidad_categoria=Baja
573,"density=Alto, fixed acidity=Alto, total sulfur dioxide=Alto",calidad_categoria=Baja,0.0469,0.6897,1.4825,3,SI density=Alto Y fixed acidity=Alto Y total sulfur dioxide=Alto ENTONCES calidad_categoria=Baja
574,"chlorides=Alto, fixed acidity=Medio, pH=Bajo",calidad_categoria=Baja,0.0399,0.6892,1.4815,3,SI chlorides=Alto Y fixed acidity=Medio Y pH=Bajo ENTONCES calidad_categoria=Baja
575,"sulphates=Bajo, total sulfur dioxide=Bajo",calidad_categoria=Baja,0.0884,0.689,1.4811,2,SI sulphates=Bajo Y total sulfur dioxide=Bajo ENTONCES calidad_categoria=Baja
576,"density=Medio, residual sugar=Medio, sulphates=Bajo",calidad_categoria=Baja,0.0242,0.6889,1.4808,3,SI density=Medio Y residual sugar=Medio Y sulphates=Bajo ENTONCES calidad_categoria=Baja
577,"pH=Medio, residual sugar=Medio, sulphates=Bajo",calidad_categoria=Baja,0.0242,0.6889,1.4808,3,SI pH=Medio Y residual sugar=Medio Y sulphates=Bajo ENTONCES calidad_categoria=Baja
578,"citric acid=Medio, fixed acidity=Alto, residual sugar=Alto",calidad_categoria=Baja,0.0242,0.6889,1.4808,3,SI citric acid=Medio Y fixed acidity=Alto Y residual sugar=Alto ENTONCES calidad_categoria=Baja
579,"density=Alto, pH=Alto, residual sugar=Alto",calidad_categoria=Baja,0.0242,0.6889,1.4808,3,SI density=Alto Y pH=Alto Y residual sugar=Alto ENTONCES calidad_categoria=Baja
580,"chlorides=Medio, fixed acidity=Medio, total sulfur dioxide=Alto",calidad_categoria=Baja,0.0328,0.6885,1.48,3,SI chlorides=Medio Y fixed acidity=Medio Y total sulfur dioxide=Alto ENTONCES calidad_categoria=Baja
581,"fixed acidity=Bajo, free sulfur dioxide=Bajo, volatile acidity=Alto",calidad_categoria=Baja,0.0328,0.6885,1.48,3,SI fixed acidity=Bajo Y free sulfur dioxide=Bajo Y volatile acidity=Alto ENTONCES calidad_categoria=Baja
582,"free sulfur dioxide=Bajo, sulphates=Bajo",calidad_categoria=Baja,0.0915,0.6882,1.4794,2,SI free sulfur dioxide=Bajo Y sulphates=Bajo ENTONCES calidad_categoria=Baja
583,"citric acid=Medio, residual sugar=Alto, total sulfur dioxide=Alto",calidad_categoria=Baja,0.043,0.6875,1.4778,3,SI citric acid=Medio Y residual sugar=Alto Y total sulfur dioxide=Alto ENTONCES calidad_categoria=Baja
584,"citric acid=Medio, density=Medio, pH=Bajo",calidad_categoria=Baja,0.0344,0.6875,1.4778,3,SI citric acid=Medio Y density=Medio Y pH=Bajo ENTONCES calidad_categoria=Baja
585,"free sulfur dioxide=Alto, volatile acidity=Alto",calidad_categoria=Baja,0.0618,0.687,1.4767,2,SI free sulfur dioxide=Alto Y volatile acidity=Alto ENTONCES calidad_categoria=Baja
586,"chlorides=Alto, citric acid=Medio, density=Alto",calidad_categoria=Baja,0.036,0.6866,1.4758,3,SI chlorides=Alto Y citric acid=Medio Y density=Alto ENTONCES calidad_categoria=Baja
587,"fixed acidity=Medio, free sulfur dioxide=Medio, pH=Bajo",calidad_categoria=Baja,0.0274,0.6863,1.4752,3,SI fixed acidity=Medio Y free sulfur dioxide=Medio Y pH=Bajo ENTONCES calidad_categoria=Baja
588,"chlorides=Medio, citric acid=Bajo, density=Medio",calidad_categoria=Baja,0.0274,0.6863,1.4752,3,SI chlorides=Medio Y citric acid=Bajo Y density=Medio ENTONCES calidad_categoria=Baja
589,"alcohol=Medio, sulphates=Bajo, total sulfur dioxide=Alto",calidad_categoria=Baja,0.0274,0.6863,1.4752,3,SI alcohol=Medio Y sulphates=Bajo Y total sulfur dioxide=Alto ENTONCES calidad_categoria=Baja
590,"free sulfur dioxide=Alto, sulphates=Bajo, volatile acidity=Medio",calidad_categoria=Baja,0.0274,0.6863,1.4752,3,SI free sulfur dioxide=Alto Y sulphates=Bajo Y volatile acidity=Medio ENTONCES calidad_categoria=Baja
591,"free sulfur dioxide=Bajo, pH=Alto",calidad_categoria=Baja,0.0563,0.6857,1.474,2,SI free sulfur dioxide=Bajo Y pH=Alto ENTONCES calidad_categoria=Baja
592,"chlorides=Medio, citric acid=Medio, sulphates=Bajo",calidad_categoria=Baja,0.0375,0.6857,1.474,3,SI chlorides=Medio Y citric acid=Medio Y sulphates=Bajo ENTONCES calidad_categoria=Baja
593,"alcohol=Bajo, residual sugar=Bajo, sulphates=Alto",calidad_categoria=Baja,0.0289,0.6852,1.4729,3,SI alcohol=Bajo Y residual sugar=Bajo Y sulphates=Alto ENTONCES calidad_categoria=Baja
594,"alcohol=Bajo, pH=Alto, residual sugar=Bajo",calidad_categoria=Baja,0.0289,0.6852,1.4729,3,SI alcohol=Bajo Y pH=Alto Y residual sugar=Bajo ENTONCES calidad_categoria=Baja
595,"pH=Medio, residual sugar=Bajo, volatile acidity=Alto",calidad_categoria=Baja,0.0289,0.6852,1.4729,3,SI pH=Medio Y residual sugar=Bajo Y volatile acidity=Alto ENTONCES calidad_categoria=Baja
596,"fixed acidity=Medio, free sulfur dioxide=Alto, pH=Bajo",calidad_categoria=Baja,0.0289,0.6852,1.4729,3,SI fixed acidity=Medio Y free sulfur dioxide=Alto Y pH=Bajo ENTONCES calidad_categoria=Baja
597,"chlorides=Alto, fixed acidity=Medio, total sulfur dioxide=Alto",calidad_categoria=Baja,0.0391,0.6849,1.4723,3,SI chlorides=Alto Y fixed acidity=Medio Y total sulfur dioxide=Alto ENTONCES calidad_categoria=Baja
598,"alcohol=Bajo, density=Medio",calidad_categoria=Baja,0.1001,0.6845,1.4714,2,SI alcohol=Bajo Y density=Medio ENTONCES calidad_categoria=Baja
599,"fixed acidity=Bajo, free sulfur dioxide=Bajo, pH=Alto",calidad_categoria=Baja,0.0407,0.6842,1.4708,3,SI fixed acidity=Bajo Y free sulfur dioxide=Bajo Y pH=Alto ENTONCES calidad_categoria=Baja
600,"alcohol=Bajo, pH=Medio, volatile acidity=Medio",calidad_categoria=Baja,0.0305,0.6842,1.4708,3,SI alcohol=Bajo Y pH=Medio Y volatile acidity=Medio ENTONCES calidad_categoria=Baja
601,"density=Alto, fixed acidity=Medio, volatile acidity=Alto",calidad_categoria=Baja,0.0203,0.6842,1.4708,3,SI density=Alto Y fixed acidity=Medio Y volatile acidity=Alto ENTONCES calidad_categoria=Baja
602,"alcohol=Medio, density=Bajo, volatile acidity=Alto",calidad_categoria=Baja,0.0203,0.6842,1.4708,3,SI alcohol=Medio Y density=Bajo Y volatile acidity=Alto ENTONCES calidad_categoria=Baja
603,"citric acid=Bajo, residual sugar=Alto, total sulfur dioxide=Alto",calidad_categoria=Baja,0.0203,0.6842,1.4708,3,SI citric acid=Bajo Y residual sugar=Alto Y total sulfur dioxide=Alto ENTONCES calidad_categoria=Baja
604,"citric acid=Medio, fixed acidity=Medio, total sulfur dioxide=Alto",calidad_categoria=Baja,0.0524,0.6837,1.4696,3,SI citric acid=Medio Y fixed acidity=Medio Y total sulfur dioxide=Alto ENTONCES calidad_categoria=Baja
605,"alcohol=Bajo, chlorides=Medio",calidad_categoria=Baja,0.0844,0.6835,1.4693,2,SI alcohol=Bajo Y chlorides=Medio ENTONCES calidad_categoria=Baja
606,"citric acid=Medio, density=Alto, residual sugar=Alto",calidad_categoria=Baja,0.0422,0.6835,1.4693,3,SI citric acid=Medio Y density=Alto Y residual sugar=Alto ENTONCES calidad_categoria=Baja
607,"fixed acidity=Bajo, free sulfur dioxide=Bajo, residual sugar=Bajo",calidad_categoria=Baja,0.0321,0.6833,1.4689,3,SI fixed acidity=Bajo Y free sulfur dioxide=Bajo Y residual sugar=Bajo ENTONCES calidad_categoria=Baja
608,"citric acid=Medio, density=Medio, residual sugar=Bajo",calidad_categoria=Baja,0.0438,0.6829,1.468,3,SI citric acid=Medio Y density=Medio Y residual sugar=Bajo ENTONCES calidad_categoria=Baja
609,"alcohol=Bajo, citric acid=Bajo, fixed acidity=Bajo",calidad_categoria=Baja,0.0438,0.6829,1.468,3,SI alcohol=Bajo Y citric acid=Bajo Y fixed acidity=Bajo ENTONCES calidad_categoria=Baja
610,"alcohol=Medio, pH=Alto, sulphates=Bajo",calidad_categoria=Baja,0.0219,0.6829,1.468,3,SI alcohol=Medio Y pH=Alto Y sulphates=Bajo ENTONCES calidad_categoria=Baja
611,"alcohol=Bajo, fixed acidity=Alto, residual sugar=Medio",calidad_categoria=Baja,0.0219,0.6829,1.468,3,SI alcohol=Bajo Y fixed acidity=Alto Y residual sugar=Medio ENTONCES calidad_categoria=Baja
612,"citric acid=Medio, sulphates=Bajo, volatile acidity=Medio",calidad_categoria=Baja,0.0336,0.6825,1.4672,3,SI citric acid=Medio Y sulphates=Bajo Y volatile acidity=Medio ENTONCES calidad_categoria=Baja
613,"alcohol=Bajo, citric acid=Alto, pH=Bajo",calidad_categoria=Baja,0.0453,0.6824,1.4668,3,SI alcohol=Bajo Y citric acid=Alto Y pH=Bajo ENTONCES calidad_categoria=Baja
614,"free sulfur dioxide=Bajo, pH=Alto, total sulfur dioxide=Bajo",calidad_categoria=Baja,0.0469,0.6818,1.4656,3,SI free sulfur dioxide=Bajo Y pH=Alto Y total sulfur dioxide=Bajo ENTONCES calidad_categoria=Baja
615,"citric acid=Bajo, free sulfur dioxide=Bajo, volatile acidity=Alto",calidad_categoria=Baja,0.0469,0.6818,1.4656,3,SI citric acid=Bajo Y free sulfur dioxide=Bajo Y volatile acidity=Alto ENTONCES calidad_categoria=Baja
616,"chlorides=Medio, free sulfur dioxide=Medio, sulphates=Bajo",calidad_categoria=Baja,0.0352,0.6818,1.4656,3,SI chlorides=Medio Y free sulfur dioxide=Medio Y sulphates=Bajo ENTONCES calidad_categoria=Baja
617,"citric acid=Bajo, density=Medio, pH=Alto",calidad_categoria=Baja,0.0352,0.6818,1.4656,3,SI citric acid=Bajo Y density=Medio Y pH=Alto ENTONCES calidad_categoria=Baja
618,"alcohol=Bajo, fixed acidity=Bajo, free sulfur dioxide=Bajo",calidad_categoria=Baja,0.0235,0.6818,1.4656,3,SI alcohol=Bajo Y fixed acidity=Bajo Y free sulfur dioxide=Bajo ENTONCES calidad_categoria=Baja
619,"alcohol=Medio, free sulfur dioxide=Bajo, sulphates=Bajo",calidad_categoria=Baja,0.0235,0.6818,1.4656,3,SI alcohol=Medio Y free sulfur dioxide=Bajo Y sulphates=Bajo ENTONCES calidad_categoria=Baja
620,"alcohol=Medio, citric acid=Bajo, total sulfur dioxide=Alto",calidad_categoria=Baja,0.0235,0.6818,1.4656,3,SI alcohol=Medio Y citric acid=Bajo Y total sulfur dioxide=Alto ENTONCES calidad_categoria=Baja
621,"alcohol=Bajo, citric acid=Bajo, density=Alto",calidad_categoria=Baja,0.0235,0.6818,1.4656,3,SI alcohol=Bajo Y citric acid=Bajo Y density=Alto ENTONCES calidad_categoria=Baja
622,"chlorides=Alto, citric acid=Medio, pH=Bajo",calidad_categoria=Baja,0.0367,0.6812,1.4642,3,SI chlorides=Alto Y citric acid=Medio Y pH=Bajo ENTONCES calidad_categoria=Baja
623,"chlorides=Alto, density=Medio, residual sugar=Bajo",calidad_categoria=Baja,0.0367,0.6812,1.4642,3,SI chlorides=Alto Y density=Medio Y residual sugar=Bajo ENTONCES calidad_categoria=Baja
624,"density=Bajo, sulphates=Bajo, volatile acidity=Alto",calidad_categoria=Baja,0.0367,0.6812,1.4642,3,SI density=Bajo Y sulphates=Bajo Y volatile acidity=Alto ENTONCES calidad_categoria=Baja
625,"alcohol=Bajo, residual sugar=Medio",calidad_categoria=Baja,0.0618,0.681,1.4639,2,SI alcohol=Bajo Y residual sugar=Medio ENTONCES calidad_categoria=Baja
626,"citric acid=Bajo, pH=Alto, sulphates=Bajo",calidad_categoria=Baja,0.0618,0.681,1.4639,3,SI citric acid=Bajo Y pH=Alto Y sulphates=Bajo ENTONCES calidad_categoria=Baja
627,"alcohol=Medio, residual sugar=Alto, volatile acidity=Alto",calidad_categoria=Baja,0.025,0.6809,1.4635,3,SI alcohol=Medio Y residual sugar=Alto Y volatile acidity=Alto ENTONCES calidad_categoria=Baja
628,"alcohol=Bajo, pH=Medio, residual sugar=Alto",calidad_categoria=Baja,0.025,0.6809,1.4635,3,SI alcohol=Bajo Y pH=Medio Y residual sugar=Alto ENTONCES calidad_categoria=Baja
629,"fixed acidity=Medio, free sulfur dioxide=Bajo, volatile acidity=Alto",calidad_categoria=Baja,0.025,0.6809,1.4635,3,SI fixed acidity=Medio Y free sulfur dioxide=Bajo Y volatile acidity=Alto ENTONCES calidad_categoria=Baja
630,"fixed acidity=Alto, residual sugar=Alto, total sulfur dioxide=Alto",calidad_categoria=Baja,0.0383,0.6806,1.4629,3,SI fixed acidity=Alto Y residual sugar=Alto Y total sulfur dioxide=Alto ENTONCES calidad_categoria=Baja
631,"alcohol=Bajo, density=Medio, sulphates=Alto",calidad_categoria=Baja,0.0266,0.68,1.4617,3,SI alcohol=Bajo Y density=Medio Y sulphates=Alto ENTONCES calidad_categoria=Baja
632,"chlorides=Alto, citric acid=Alto, total sulfur dioxide=Alto",calidad_categoria=Baja,0.0266,0.68,1.4617,3,SI chlorides=Alto Y citric acid=Alto Y total sulfur dioxide=Alto ENTONCES calidad_categoria=Baja
633,"chlorides=Medio, residual sugar=Medio, total sulfur dioxide=Alto",calidad_categoria=Baja,0.0266,0.68,1.4617,3,SI chlorides=Medio Y residual sugar=Medio Y total sulfur dioxide=Alto ENTONCES calidad_categoria=Baja
634,"chlorides=Medio, density=Medio, fixed acidity=Bajo",calidad_categoria=Baja,0.0266,0.68,1.4617,3,SI chlorides=Medio Y density=Medio Y fixed acidity=Bajo ENTONCES calidad_categoria=Baja
635,"citric acid=Medio, fixed acidity=Medio, free sulfur dioxide=Alto",calidad_categoria=Baja,0.0399,0.68,1.4617,3,SI citric acid=Medio Y fixed acidity=Medio Y free sulfur dioxide=Alto ENTONCES calidad_categoria=Baja
636,"chlorides=Medio, volatile acidity=Alto",calidad_categoria=Baja,0.0711,0.6791,1.4598,2,SI chlorides=Medio Y volatile acidity=Alto ENTONCES calidad_categoria=Baja
637,"chlorides=Alto, free sulfur dioxide=Alto, total sulfur dioxide=Alto",calidad_categoria=Baja,0.0579,0.6789,1.4593,3,SI chlorides=Alto Y free sulfur dioxide=Alto Y total sulfur dioxide=Alto ENTONCES calidad_categoria=Baja
638,"alcohol=Bajo, free sulfur dioxide=Medio, pH=Medio",calidad_categoria=Baja,0.0313,0.678,1.4573,3,SI alcohol=Bajo Y free sulfur dioxide=Medio Y pH=Medio ENTONCES calidad_categoria=Baja
639,"chlorides=Alto, pH=Medio, volatile acidity=Alto",calidad_categoria=Baja,0.0313,0.678,1.4573,3,SI chlorides=Alto Y pH=Medio Y volatile acidity=Alto ENTONCES calidad_categoria=Baja
640,"alcohol=Bajo, citric acid=Bajo, total sulfur dioxide=Bajo",calidad_categoria=Baja,0.0313,0.678,1.4573,3,SI alcohol=Bajo Y citric acid=Bajo Y total sulfur dioxide=Bajo ENTONCES calidad_categoria=Baja
641,"pH=Bajo, total sulfur dioxide=Alto",calidad_categoria=Baja,0.079,0.6779,1.4571,2,SI pH=Bajo Y total sulfur dioxide=Alto ENTONCES calidad_categoria=Baja
642,"alcohol=Bajo, total sulfur dioxide=Medio",calidad_categoria=Baja,0.0641,0.6777,1.4567,2,SI alcohol=Bajo Y total sulfur dioxide=Medio ENTONCES calidad_categoria=Baja
643,"chlorides=Alto, citric acid=Bajo, sulphates=Bajo",calidad_categoria=Baja,0.0344,0.6769,1.4551,3,SI chlorides=Alto Y citric acid=Bajo Y sulphates=Bajo ENTONCES calidad_categoria=Baja
644,"free sulfur dioxide=Bajo, volatile acidity=Alto",calidad_categoria=Baja,0.0704,0.6767,1.4546,2,SI free sulfur dioxide=Bajo Y volatile acidity=Alto ENTONCES calidad_categoria=Baja
645,"density=Medio, free sulfur dioxide=Medio, volatile acidity=Alto",calidad_categoria=Baja,0.036,0.6765,1.4541,3,SI density=Medio Y free sulfur dioxide=Medio Y volatile acidity=Alto ENTONCES calidad_categoria=Baja
646,"density=Alto, free sulfur dioxide=Alto, pH=Bajo",calidad_categoria=Baja,0.036,0.6765,1.4541,3,SI density=Alto Y free sulfur dioxide=Alto Y pH=Bajo ENTONCES calidad_categoria=Baja
647,"fixed acidity=Medio, pH=Bajo, residual sugar=Bajo",calidad_categoria=Baja,0.0375,0.6761,1.4532,3,SI fixed acidity=Medio Y pH=Bajo Y residual sugar=Bajo ENTONCES calidad_categoria=Baja
648,"free sulfur dioxide=Alto, sulphates=Bajo",calidad_categoria=Baja,0.0766,0.6759,1.4528,2,SI free sulfur dioxide=Alto Y sulphates=Bajo ENTONCES calidad_categoria=Baja
649,"citric acid=Medio, density=Medio, sulphates=Bajo",calidad_categoria=Baja,0.0391,0.6757,1.4524,3,SI citric acid=Medio Y density=Medio Y sulphates=Bajo ENTONCES calidad_categoria=Baja
650,"chlorides=Medio, residual sugar=Bajo, sulphates=Bajo",calidad_categoria=Baja,0.0407,0.6753,1.4517,3,SI chlorides=Medio Y residual sugar=Bajo Y sulphates=Bajo ENTONCES calidad_categoria=Baja
651,"residual sugar=Bajo, total sulfur dioxide=Alto, volatile acidity=Medio",calidad_categoria=Baja,0.0211,0.675,1.451,3,SI residual sugar=Bajo Y total sulfur dioxide=Alto Y volatile acidity=Medio ENTONCES calidad_categoria=Baja
652,"alcohol=Bajo, free sulfur dioxide=Medio, residual sugar=Medio",calidad_categoria=Baja,0.0211,0.675,1.451,3,SI alcohol=Bajo Y free sulfur dioxide=Medio Y residual sugar=Medio ENTONCES calidad_categoria=Baja
653,"density=Alto, free sulfur dioxide=Medio, pH=Alto",calidad_categoria=Baja,0.0211,0.675,1.451,3,SI density=Alto Y free sulfur dioxide=Medio Y pH=Alto ENTONCES calidad_categoria=Baja
654,"free sulfur dioxide=Medio, total sulfur dioxide=Alto",calidad_categoria=Baja,0.0633,0.675,1.451,2,SI free sulfur dioxide=Medio Y total sulfur dioxide=Alto ENTONCES calidad_categoria=Baja
655,"alcohol=Bajo, fixed acidity=Bajo",calidad_categoria=Baja,0.068,0.6744,1.4497,2,SI alcohol=Bajo Y fixed acidity=Bajo ENTONCES calidad_categoria=Baja
656,"alcohol=Bajo, chlorides=Medio, pH=Bajo",calidad_categoria=Baja,0.0227,0.6744,1.4497,3,SI alcohol=Bajo Y chlorides=Medio Y pH=Bajo ENTONCES calidad_categoria=Baja
657,"alcohol=Bajo, chlorides=Bajo, volatile acidity=Medio",calidad_categoria=Baja,0.0242,0.6739,1.4486,3,SI alcohol=Bajo Y chlorides=Bajo Y volatile acidity=Medio ENTONCES calidad_categoria=Baja
658,"density=Medio, sulphates=Medio, volatile acidity=Alto",calidad_categoria=Baja,0.0242,0.6739,1.4486,3,SI density=Medio Y sulphates=Medio Y volatile acidity=Alto ENTONCES calidad_categoria=Baja
659,"alcohol=Medio, total sulfur dioxide=Bajo, volatile acidity=Alto",calidad_categoria=Baja,0.0242,0.6739,1.4486,3,SI alcohol=Medio Y total sulfur dioxide=Bajo Y volatile acidity=Alto ENTONCES calidad_categoria=Baja
660,"fixed acidity=Alto, sulphates=Bajo",calidad_categoria=Baja,0.05,0.6737,1.4481,2,SI fixed acidity=Alto Y sulphates=Bajo ENTONCES calidad_categoria=Baja
661,"alcohol=Bajo, pH=Bajo, residual sugar=Medio",calidad_categoria=Baja,0.0258,0.6735,1.4477,3,SI alcohol=Bajo Y pH=Bajo Y residual sugar=Medio ENTONCES calidad_categoria=Baja
662,"chlorides=Alto, residual sugar=Bajo, sulphates=Alto",calidad_categoria=Baja,0.0289,0.6727,1.4461,3,SI chlorides=Alto Y residual sugar=Bajo Y sulphates=Alto ENTONCES calidad_categoria=Baja
663,"alcohol=Bajo, free sulfur dioxide=Medio, volatile acidity=Medio",calidad_categoria=Baja,0.0289,0.6727,1.4461,3,SI alcohol=Bajo Y free sulfur dioxide=Medio Y volatile acidity=Medio ENTONCES calidad_categoria=Baja
664,"alcohol=Medio, chlorides=Alto, volatile acidity=Alto",calidad_categoria=Baja,0.0289,0.6727,1.4461,3,SI alcohol=Medio Y chlorides=Alto Y volatile acidity=Alto ENTONCES calidad_categoria=Baja
665,"alcohol=Medio, fixed acidity=Bajo, sulphates=Bajo",calidad_categoria=Baja,0.0305,0.6724,1.4454,3,SI alcohol=Medio Y fixed acidity=Bajo Y sulphates=Bajo ENTONCES calidad_categoria=Baja
666,"chlorides=Medio, density=Alto, total sulfur dioxide=Alto",calidad_categoria=Baja,0.0321,0.6721,1.4448,3,SI chlorides=Medio Y density=Alto Y total sulfur dioxide=Alto ENTONCES calidad_categoria=Baja
667,"alcohol=Bajo, chlorides=Alto, pH=Medio",calidad_categoria=Baja,0.0321,0.6721,1.4448,3,SI alcohol=Bajo Y chlorides=Alto Y pH=Medio ENTONCES calidad_categoria=Baja
668,"citric acid=Medio, residual sugar=Bajo, total sulfur dioxide=Alto",calidad_categoria=Baja,0.0336,0.6719,1.4442,3,SI citric acid=Medio Y residual sugar=Bajo Y total sulfur dioxide=Alto ENTONCES calidad_categoria=Baja
669,"free sulfur dioxide=Alto, pH=Bajo, residual sugar=Alto",calidad_categoria=Baja,0.0383,0.6712,1.4429,3,SI free sulfur dioxide=Alto Y pH=Bajo Y residual sugar=Alto ENTONCES calidad_categoria=Baja
670,"pH=Alto, sulphates=Bajo",calidad_categoria=Baja,0.0782,0.6711,1.4427,2,SI pH=Alto Y sulphates=Bajo ENTONCES calidad_categoria=Baja
671,"alcohol=Bajo, fixed acidity=Medio, pH=Medio",calidad_categoria=Baja,0.0399,0.6711,1.4425,3,SI alcohol=Bajo Y fixed acidity=Medio Y pH=Medio ENTONCES calidad_categoria=Baja
672,"density=Alto, free sulfur dioxide=Alto, residual sugar=Alto",calidad_categoria=Baja,0.0555,0.6698,1.4398,3,SI density=Alto Y free sulfur dioxide=Alto Y residual sugar=Alto ENTONCES calidad_categoria=Baja
673,"free sulfur dioxide=Alto, pH=Bajo, total sulfur dioxide=Alto",calidad_categoria=Baja,0.0571,0.6697,1.4396,3,SI free sulfur dioxide=Alto Y pH=Bajo Y total sulfur dioxide=Alto ENTONCES calidad_categoria=Baja
674,"alcohol=Bajo, citric acid=Alto",calidad_categoria=Baja,0.0618,0.6695,1.4391,2,SI alcohol=Bajo Y citric acid=Alto ENTONCES calidad_categoria=Baja
675,"chlorides=Alto, citric acid=Medio, fixed acidity=Medio",calidad_categoria=Baja,0.0297,0.6667,1.4331,3,SI chlorides=Alto Y citric acid=Medio Y fixed acidity=Medio ENTONCES calidad_categoria=Baja
676,"chlorides=Alto, citric acid=Medio, density=Medio",calidad_categoria=Baja,0.0266,0.6667,1.4331,3,SI chlorides=Alto Y citric acid=Medio Y density=Medio ENTONCES calidad_categoria=Baja
677,"chlorides=Alto, pH=Alto, volatile acidity=Alto",calidad_categoria=Baja,0.0266,0.6667,1.4331,3,SI chlorides=Alto Y pH=Alto Y volatile acidity=Alto ENTONCES calidad_categoria=Baja
678,"alcohol=Bajo, density=Alto, total sulfur dioxide=Medio",calidad_categoria=Baja,0.0266,0.6667,1.4331,3,SI alcohol=Bajo Y density=Alto Y total sulfur dioxide=Medio ENTONCES calidad_categoria=Baja
679,"pH=Alto, total sulfur dioxide=Alto, volatile acidity=Alto",calidad_categoria=Baja,0.0203,0.6667,1.4331,3,SI pH=Alto Y total sulfur dioxide=Alto Y volatile acidity=Alto ENTONCES calidad_categoria=Baja
680,"total sulfur dioxide=Bajo, volatile acidity=Alto",calidad_categoria=Baja,0.0688,0.6667,1.4331,2,SI total sulfur dioxide=Bajo Y volatile acidity=Alto ENTONCES calidad_categoria=Baja
681,"chlorides=Alto, citric acid=Medio",calidad_categoria=Baja,0.0672,0.6667,1.4331,2,SI chlorides=Alto Y citric acid=Medio ENTONCES calidad_categoria=Baja
682,"density=Alto, fixed acidity=Medio",calidad_categoria=Baja,0.05,0.6667,1.4331,2,SI density=Alto Y fixed acidity=Medio ENTONCES calidad_categoria=Baja
683,"alcohol=Medio, citric acid=Bajo, volatile acidity=Alto",calidad_categoria=Baja,0.0469,0.6667,1.4331,3,SI alcohol=Medio Y citric acid=Bajo Y volatile acidity=Alto ENTONCES calidad_categoria=Baja
684,"density=Medio, pH=Bajo, residual sugar=Bajo",calidad_categoria=Baja,0.036,0.6667,1.4331,3,SI density=Medio Y pH=Bajo Y residual sugar=Bajo ENTONCES calidad_categoria=Baja
685,"citric acid=Medio, free sulfur dioxide=Alto, residual sugar=Alto",calidad_categoria=Baja,0.0344,0.6667,1.4331,3,SI citric acid=Medio Y free sulfur dioxide=Alto Y residual sugar=Alto ENTONCES calidad_categoria=Baja
686,"alcohol=Bajo, residual sugar=Bajo, total sulfur dioxide=Bajo",calidad_categoria=Baja,0.0328,0.6667,1.4331,3,SI alcohol=Bajo Y residual sugar=Bajo Y total sulfur dioxide=Bajo ENTONCES calidad_categoria=Baja
687,"density=Medio, fixed acidity=Bajo, volatile acidity=Alto",calidad_categoria=Baja,0.0313,0.6667,1.4331,3,SI density=Medio Y fixed acidity=Bajo Y volatile acidity=Alto ENTONCES calidad_categoria=Baja
688,"alcohol=Bajo, density=Alto, residual sugar=Medio",calidad_categoria=Baja,0.0313,0.6667,1.4331,3,SI alcohol=Bajo Y density=Alto Y residual sugar=Medio ENTONCES calidad_categoria=Baja
689,"residual sugar=Medio, sulphates=Bajo, volatile acidity=Alto",calidad_categoria=Baja,0.0281,0.6667,1.4331,3,SI residual sugar=Medio Y sulphates=Bajo Y volatile acidity=Alto ENTONCES calidad_categoria=Baja
690,"chlorides=Bajo, sulphates=Bajo, volatile acidity=Medio",calidad_categoria=Baja,0.0281,0.6667,1.4331,3,SI chlorides=Bajo Y sulphates=Bajo Y volatile acidity=Medio ENTONCES calidad_categoria=Baja
691,"density=Alto, fixed acidity=Bajo",calidad_categoria=Baja,0.025,0.6667,1.4331,2,SI density=Alto Y fixed acidity=Bajo ENTONCES calidad_categoria=Baja
692,"alcohol=Medio, sulphates=Bajo, total sulfur dioxide=Bajo",calidad_categoria=Baja,0.025,0.6667,1.4331,3,SI alcohol=Medio Y sulphates=Bajo Y total sulfur dioxide=Bajo ENTONCES calidad_categoria=Baja
693,"citric acid=Medio, residual sugar=Alto, sulphates=Bajo",calidad_categoria=Baja,0.025,0.6667,1.4331,3,SI citric acid=Medio Y residual sugar=Alto Y sulphates=Bajo ENTONCES calidad_categoria=Baja
694,"free sulfur dioxide=Medio, pH=Alto, sulphates=Bajo",calidad_categoria=Baja,0.025,0.6667,1.4331,3,SI free sulfur dioxide=Medio Y pH=Alto Y sulphates=Bajo ENTONCES calidad_categoria=Baja
695,"alcohol=Medio, citric acid=Bajo, residual sugar=Alto",calidad_categoria=Baja,0.025,0.6667,1.4331,3,SI alcohol=Medio Y citric acid=Bajo Y residual sugar=Alto ENTONCES calidad_categoria=Baja
696,"chlorides=Alto, pH=Medio, total sulfur dioxide=Alto",calidad_categoria=Baja,0.0235,0.6667,1.4331,3,SI chlorides=Alto Y pH=Medio Y total sulfur dioxide=Alto ENTONCES calidad_categoria=Baja
697,"chlorides=Medio, residual sugar=Alto, volatile acidity=Alto",calidad_categoria=Baja,0.0235,0.6667,1.4331,3,SI chlorides=Medio Y residual sugar=Alto Y volatile acidity=Alto ENTONCES calidad_categoria=Baja
698,"residual sugar=Bajo, sulphates=Medio, volatile acidity=Alto",calidad_categoria=Baja,0.0235,0.6667,1.4331,3,SI residual sugar=Bajo Y sulphates=Medio Y volatile acidity=Alto ENTONCES calidad_categoria=Baja
699,"citric acid=Medio, sulphates=Bajo, total sulfur dioxide=Medio",calidad_categoria=Baja,0.0235,0.6667,1.4331,3,SI citric acid=Medio Y sulphates=Bajo Y total sulfur dioxide=Medio ENTONCES calidad_categoria=Baja
700,"chlorides=Alto, fixed acidity=Bajo, sulphates=Bajo",calidad_categoria=Baja,0.0235,0.6667,1.4331,3,SI chlorides=Alto Y fixed acidity=Bajo Y sulphates=Bajo ENTONCES calidad_categoria=Baja
701,"chlorides=Alto, citric acid=Medio, free sulfur dioxide=Medio",calidad_categoria=Baja,0.0219,0.6667,1.4331,3,SI chlorides=Alto Y citric acid=Medio Y free sulfur dioxide=Medio ENTONCES calidad_categoria=Baja
702,"alcohol=Bajo, residual sugar=Medio, volatile acidity=Medio",calidad_categoria=Baja,0.0219,0.6667,1.4331,3,SI alcohol=Bajo Y residual sugar=Medio Y volatile acidity=Medio ENTONCES calidad_categoria=Baja
703,"chlorides=Medio, pH=Alto, residual sugar=Alto",calidad_categoria=Baja,0.0219,0.6667,1.4331,3,SI chlorides=Medio Y pH=Alto Y residual sugar=Alto ENTONCES calidad_categoria=Baja
704,"citric acid=Bajo, residual sugar=Alto, total sulfur dioxide=Bajo",calidad_categoria=Baja,0.0219,0.6667,1.4331,3,SI citric acid=Bajo Y residual sugar=Alto Y total sulfur dioxide=Bajo ENTONCES calidad_categoria=Baja
705,"chlorides=Bajo, density=Medio, total sulfur dioxide=Alto",calidad_categoria=Baja,0.0219,0.6667,1.4331,3,SI chlorides=Bajo Y density=Medio Y total sulfur dioxide=Alto ENTONCES calidad_categoria=Baja
706,"density=Alto, free sulfur dioxide=Alto",calidad_categoria=Baja,0.0743,0.6643,1.428,2,SI density=Alto Y free sulfur dioxide=Alto ENTONCES calidad_categoria=Baja
707,"fixed acidity=Bajo, residual sugar=Bajo, volatile acidity=Alto",calidad_categoria=Baja,0.0446,0.6628,1.4247,3,SI fixed acidity=Bajo Y residual sugar=Bajo Y volatile acidity=Alto ENTONCES calidad_categoria=Baja
708,"alcohol=Bajo, citric acid=Alto, density=Alto",calidad_categoria=Baja,0.0414,0.6625,1.4241,3,SI alcohol=Bajo Y citric acid=Alto Y density=Alto ENTONCES calidad_categoria=Baja
709,"chlorides=Alto, density=Medio, fixed acidity=Medio",calidad_categoria=Baja,0.0383,0.6622,1.4234,3,SI chlorides=Alto Y density=Medio Y fixed acidity=Medio ENTONCES calidad_categoria=Baja
710,"pH=Alto, total sulfur dioxide=Bajo, volatile acidity=Alto",calidad_categoria=Baja,0.0383,0.6622,1.4234,3,SI pH=Alto Y total sulfur dioxide=Bajo Y volatile acidity=Alto ENTONCES calidad_categoria=Baja
711,"citric acid=Bajo, fixed acidity=Bajo, sulphates=Bajo",calidad_categoria=Baja,0.0704,0.6618,1.4225,3,SI citric acid=Bajo Y fixed acidity=Bajo Y sulphates=Bajo ENTONCES calidad_categoria=Baja
712,sulphates=Bajo,calidad_categoria=Baja,0.24,0.6616,1.4222,1,SI sulphates=Bajo ENTONCES calidad_categoria=Baja
713,"fixed acidity=Alto, pH=Bajo, sulphates=Bajo",calidad_categoria=Baja,0.0336,0.6615,1.422,3,SI fixed acidity=Alto Y pH=Bajo Y sulphates=Bajo ENTONCES calidad_categoria=Baja
714,"density=Alto, fixed acidity=Medio, residual sugar=Alto",calidad_categoria=Baja,0.0321,0.6613,1.4215,3,SI density=Alto Y fixed acidity=Medio Y residual sugar=Alto ENTONCES calidad_categoria=Baja
715,"alcohol=Bajo, density=Medio, residual sugar=Bajo",calidad_categoria=Baja,0.0625,0.6612,1.4212,3,SI alcohol=Bajo Y density=Medio Y residual sugar=Bajo ENTONCES calidad_categoria=Baja
716,"density=Alto, fixed acidity=Alto, volatile acidity=Alto",calidad_categoria=Baja,0.0305,0.661,1.4209,3,SI density=Alto Y fixed acidity=Alto Y volatile acidity=Alto ENTONCES calidad_categoria=Baja
717,"citric acid=Medio, free sulfur dioxide=Alto, volatile acidity=Medio",calidad_categoria=Baja,0.0305,0.661,1.4209,3,SI citric acid=Medio Y free sulfur dioxide=Alto Y volatile acidity=Medio ENTONCES calidad_categoria=Baja
718,"alcohol=Bajo, chlorides=Medio, pH=Alto",calidad_categoria=Baja,0.0305,0.661,1.4209,3,SI alcohol=Bajo Y chlorides=Medio Y pH=Alto ENTONCES calidad_categoria=Baja
719,"chlorides=Medio, free sulfur dioxide=Bajo, sulphates=Bajo",calidad_categoria=Baja,0.0289,0.6607,1.4203,3,SI chlorides=Medio Y free sulfur dioxide=Bajo Y sulphates=Bajo ENTONCES calidad_categoria=Baja
720,"alcohol=Bajo, free sulfur dioxide=Bajo, pH=Bajo",calidad_categoria=Baja,0.0274,0.6604,1.4195,3,SI alcohol=Bajo Y free sulfur dioxide=Bajo Y pH=Bajo ENTONCES calidad_categoria=Baja
721,"pH=Medio, sulphates=Bajo, total sulfur dioxide=Bajo",calidad_categoria=Baja,0.0274,0.6604,1.4195,3,SI pH=Medio Y sulphates=Bajo Y total sulfur dioxide=Bajo ENTONCES calidad_categoria=Baja
722,"chlorides=Alto, citric acid=Bajo, total sulfur dioxide=Bajo",calidad_categoria=Baja,0.0258,0.66,1.4187,3,SI chlorides=Alto Y citric acid=Bajo Y total sulfur dioxide=Bajo ENTONCES calidad_categoria=Baja
723,"fixed acidity=Medio, residual sugar=Medio, sulphates=Bajo",calidad_categoria=Baja,0.0242,0.6596,1.4178,3,SI fixed acidity=Medio Y residual sugar=Medio Y sulphates=Bajo ENTONCES calidad_categoria=Baja
724,"fixed acidity=Bajo, pH=Medio, total sulfur dioxide=Alto",calidad_categoria=Baja,0.0242,0.6596,1.4178,3,SI fixed acidity=Bajo Y pH=Medio Y total sulfur dioxide=Alto ENTONCES calidad_categoria=Baja
725,"density=Alto, fixed acidity=Medio, pH=Medio",calidad_categoria=Baja,0.0242,0.6596,1.4178,3,SI density=Alto Y fixed acidity=Medio Y pH=Medio ENTONCES calidad_categoria=Baja
726,"alcohol=Bajo, free sulfur dioxide=Alto, volatile acidity=Bajo",calidad_categoria=Baja,0.0242,0.6596,1.4178,3,SI alcohol=Bajo Y free sulfur dioxide=Alto Y volatile acidity=Bajo ENTONCES calidad_categoria=Baja
727,"citric acid=Medio, free sulfur dioxide=Alto, total sulfur dioxide=Alto",calidad_categoria=Baja,0.0711,0.6594,1.4175,3,SI citric acid=Medio Y free sulfur dioxide=Alto Y total sulfur dioxide=Alto ENTONCES calidad_categoria=Baja
728,"density=Medio, fixed acidity=Bajo, residual sugar=Alto",calidad_categoria=Baja,0.0227,0.6591,1.4168,3,SI density=Medio Y fixed acidity=Bajo Y residual sugar=Alto ENTONCES calidad_categoria=Baja
729,"alcohol=Bajo, fixed acidity=Alto, free sulfur dioxide=Bajo",calidad_categoria=Baja,0.0227,0.6591,1.4168,3,SI alcohol=Bajo Y fixed acidity=Alto Y free sulfur dioxide=Bajo ENTONCES calidad_categoria=Baja
730,"alcohol=Medio, residual sugar=Alto, sulphates=Bajo",calidad_categoria=Baja,0.0227,0.6591,1.4168,3,SI alcohol=Medio Y residual sugar=Alto Y sulphates=Bajo ENTONCES calidad_categoria=Baja
731,"alcohol=Bajo, citric acid=Medio, fixed acidity=Bajo",calidad_categoria=Baja,0.0227,0.6591,1.4168,3,SI alcohol=Bajo Y citric acid=Medio Y fixed acidity=Bajo ENTONCES calidad_categoria=Baja
732,"citric acid=Medio, free sulfur dioxide=Medio, sulphates=Bajo",calidad_categoria=Baja,0.0227,0.6591,1.4168,3,SI citric acid=Medio Y free sulfur dioxide=Medio Y sulphates=Bajo ENTONCES calidad_categoria=Baja
733,volatile acidity=Alto,calidad_categoria=Baja,0.2111,0.6585,1.4156,1,SI volatile acidity=Alto ENTONCES calidad_categoria=Baja
734,"pH=Bajo, residual sugar=Medio, sulphates=Bajo",calidad_categoria=Baja,0.0211,0.6585,1.4156,3,SI pH=Bajo Y residual sugar=Medio Y sulphates=Bajo ENTONCES calidad_categoria=Baja
735,"alcohol=Bajo, chlorides=Bajo, citric acid=Bajo",calidad_categoria=Baja,0.0211,0.6585,1.4156,3,SI alcohol=Bajo Y chlorides=Bajo Y citric acid=Bajo ENTONCES calidad_categoria=Baja
736,"chlorides=Bajo, free sulfur dioxide=Bajo, volatile acidity=Alto",calidad_categoria=Baja,0.0211,0.6585,1.4156,3,SI chlorides=Bajo Y free sulfur dioxide=Bajo Y volatile acidity=Alto ENTONCES calidad_categoria=Baja
737,"alcohol=Medio, pH=Alto, total sulfur dioxide=Bajo",calidad_categoria=Baja,0.0211,0.6585,1.4156,3,SI alcohol=Medio Y pH=Alto Y total sulfur dioxide=Bajo ENTONCES calidad_categoria=Baja
738,"density=Medio, fixed acidity=Medio, residual sugar=Bajo",calidad_categoria=Baja,0.0524,0.6569,1.412,3,SI density=Medio Y fixed acidity=Medio Y residual sugar=Bajo ENTONCES calidad_categoria=Baja
739,"citric acid=Bajo, free sulfur dioxide=Bajo, residual sugar=Bajo",calidad_categoria=Baja,0.0328,0.6562,1.4107,3,SI citric acid=Bajo Y free sulfur dioxide=Bajo Y residual sugar=Bajo ENTONCES calidad_categoria=Baja
740,"alcohol=Bajo, citric acid=Bajo, density=Medio",calidad_categoria=Baja,0.0313,0.6557,1.4096,3,SI alcohol=Bajo Y citric acid=Bajo Y density=Medio ENTONCES calidad_categoria=Baja
741,"citric acid=Bajo, density=Bajo, free sulfur dioxide=Bajo",calidad_categoria=Baja,0.0297,0.6552,1.4083,3,SI citric acid=Bajo Y density=Bajo Y free sulfur dioxide=Bajo ENTONCES calidad_categoria=Baja
742,"chlorides=Alto, citric acid=Bajo, volatile acidity=Alto",calidad_categoria=Baja,0.0446,0.6552,1.4083,3,SI chlorides=Alto Y citric acid=Bajo Y volatile acidity=Alto ENTONCES calidad_categoria=Baja
743,"alcohol=Bajo, citric acid=Medio, total sulfur dioxide=Medio",calidad_categoria=Baja,0.0281,0.6545,1.407,3,SI alcohol=Bajo Y citric acid=Medio Y total sulfur dioxide=Medio ENTONCES calidad_categoria=Baja
744,"citric acid=Bajo, sulphates=Bajo",calidad_categoria=Baja,0.111,0.6544,1.4066,2,SI citric acid=Bajo Y sulphates=Bajo ENTONCES calidad_categoria=Baja
745,"citric acid=Bajo, density=Alto",calidad_categoria=Baja,0.0414,0.6543,1.4065,2,SI citric acid=Bajo Y density=Alto ENTONCES calidad_categoria=Baja
746,"citric acid=Medio, pH=Medio, total sulfur dioxide=Alto",calidad_categoria=Baja,0.0414,0.6543,1.4065,3,SI citric acid=Medio Y pH=Medio Y total sulfur dioxide=Alto ENTONCES calidad_categoria=Baja
747,"chlorides=Medio, total sulfur dioxide=Medio, volatile acidity=Alto",calidad_categoria=Baja,0.0266,0.6538,1.4055,3,SI chlorides=Medio Y total sulfur dioxide=Medio Y volatile acidity=Alto ENTONCES calidad_categoria=Baja
748,"alcohol=Bajo, chlorides=Alto, sulphates=Medio",calidad_categoria=Baja,0.0266,0.6538,1.4055,3,SI alcohol=Bajo Y chlorides=Alto Y sulphates=Medio ENTONCES calidad_categoria=Baja
749,"density=Medio, fixed acidity=Bajo, sulphates=Bajo",calidad_categoria=Baja,0.0266,0.6538,1.4055,3,SI density=Medio Y fixed acidity=Bajo Y sulphates=Bajo ENTONCES calidad_categoria=Baja
750,"density=Medio, free sulfur dioxide=Medio, residual sugar=Bajo",calidad_categoria=Baja,0.0383,0.6533,1.4044,3,SI density=Medio Y free sulfur dioxide=Medio Y residual sugar=Bajo ENTONCES calidad_categoria=Baja
751,"density=Medio, fixed acidity=Medio, total sulfur dioxide=Alto",calidad_categoria=Baja,0.05,0.6531,1.4038,3,SI density=Medio Y fixed acidity=Medio Y total sulfur dioxide=Alto ENTONCES calidad_categoria=Baja
752,"pH=Bajo, residual sugar=Bajo, sulphates=Bajo",calidad_categoria=Baja,0.025,0.6531,1.4038,3,SI pH=Bajo Y residual sugar=Bajo Y sulphates=Bajo ENTONCES calidad_categoria=Baja
753,"citric acid=Medio, density=Alto, fixed acidity=Medio",calidad_categoria=Baja,0.025,0.6531,1.4038,3,SI citric acid=Medio Y density=Alto Y fixed acidity=Medio ENTONCES calidad_categoria=Baja
754,"density=Alto, pH=Alto",calidad_categoria=Baja,0.0485,0.6526,1.4029,2,SI density=Alto Y pH=Alto ENTONCES calidad_categoria=Baja
755,"citric acid=Medio, total sulfur dioxide=Alto",calidad_categoria=Baja,0.1056,0.6522,1.4019,2,SI citric acid=Medio Y total sulfur dioxide=Alto ENTONCES calidad_categoria=Baja
756,"alcohol=Bajo, total sulfur dioxide=Alto, volatile acidity=Bajo",calidad_categoria=Baja,0.0235,0.6522,1.4019,3,SI alcohol=Bajo Y total sulfur dioxide=Alto Y volatile acidity=Bajo ENTONCES calidad_categoria=Baja
757,"citric acid=Medio, pH=Bajo, residual sugar=Alto",calidad_categoria=Baja,0.0235,0.6522,1.4019,3,SI citric acid=Medio Y pH=Bajo Y residual sugar=Alto ENTONCES calidad_categoria=Baja
758,"alcohol=Medio, chlorides=Alto, sulphates=Bajo",calidad_categoria=Baja,0.0235,0.6522,1.4019,3,SI alcohol=Medio Y chlorides=Alto Y sulphates=Bajo ENTONCES calidad_categoria=Baja
759,"alcohol=Bajo, pH=Alto",calidad_categoria=Baja,0.0571,0.6518,1.4011,2,SI alcohol=Bajo Y pH=Alto ENTONCES calidad_categoria=Baja
760,"pH=Alto, residual sugar=Bajo, sulphates=Bajo",calidad_categoria=Baja,0.0336,0.6515,1.4005,3,SI pH=Alto Y residual sugar=Bajo Y sulphates=Bajo ENTONCES calidad_categoria=Baja
761,"sulphates=Alto, total sulfur dioxide=Alto, volatile acidity=Alto",calidad_categoria=Baja,0.0219,0.6512,1.3997,3,SI sulphates=Alto Y total sulfur dioxide=Alto Y volatile acidity=Alto ENTONCES calidad_categoria=Baja
762,"chlorides=Alto, density=Medio, sulphates=Bajo",calidad_categoria=Baja,0.0219,0.6512,1.3997,3,SI chlorides=Alto Y density=Medio Y sulphates=Bajo ENTONCES calidad_categoria=Baja
763,"citric acid=Bajo, total sulfur dioxide=Bajo, volatile acidity=Alto",calidad_categoria=Baja,0.0539,0.6509,1.3993,3,SI citric acid=Bajo Y total sulfur dioxide=Bajo Y volatile acidity=Alto ENTONCES calidad_categoria=Baja
764,"chlorides=Alto, density=Medio, total sulfur dioxide=Alto",calidad_categoria=Baja,0.0321,0.6508,1.3989,3,SI chlorides=Alto Y density=Medio Y total sulfur dioxide=Alto ENTONCES calidad_categoria=Baja
765,"alcohol=Medio, volatile acidity=Alto",calidad_categoria=Baja,0.0743,0.6507,1.3987,2,SI alcohol=Medio Y volatile acidity=Alto ENTONCES calidad_categoria=Baja
766,"citric acid=Bajo, fixed acidity=Bajo, free sulfur dioxide=Bajo",calidad_categoria=Baja,0.0422,0.6506,1.3985,3,SI citric acid=Bajo Y fixed acidity=Bajo Y free sulfur dioxide=Bajo ENTONCES calidad_categoria=Baja
767,"citric acid=Bajo, fixed acidity=Medio, volatile acidity=Alto",calidad_categoria=Baja,0.0407,0.65,1.3972,3,SI citric acid=Bajo Y fixed acidity=Medio Y volatile acidity=Alto ENTONCES calidad_categoria=Baja
768,"alcohol=Bajo, density=Alto, volatile acidity=Medio",calidad_categoria=Baja,0.0407,0.65,1.3972,3,SI alcohol=Bajo Y density=Alto Y volatile acidity=Medio ENTONCES calidad_categoria=Baja
769,"citric acid=Medio, free sulfur dioxide=Medio, total sulfur dioxide=Alto",calidad_categoria=Baja,0.0305,0.65,1.3972,3,SI citric acid=Medio Y free sulfur dioxide=Medio Y total sulfur dioxide=Alto ENTONCES calidad_categoria=Baja
770,"free sulfur dioxide=Medio, residual sugar=Alto, total sulfur dioxide=Alto",calidad_categoria=Baja,0.0203,0.65,1.3972,3,SI free sulfur dioxide=Medio Y residual sugar=Alto Y total sulfur dioxide=Alto ENTONCES calidad_categoria=Baja
771,"residual sugar=Medio, sulphates=Bajo, total sulfur dioxide=Alto",calidad_categoria=Baja,0.0203,0.65,1.3972,3,SI residual sugar=Medio Y sulphates=Bajo Y total sulfur dioxide=Alto ENTONCES calidad_categoria=Baja
772,"density=Alto, free sulfur dioxide=Alto, pH=Medio",calidad_categoria=Baja,0.0203,0.65,1.3972,3,SI density=Alto Y free sulfur dioxide=Alto Y pH=Medio ENTONCES calidad_categoria=Baja
773,"alcohol=Bajo, residual sugar=Medio, sulphates=Medio",calidad_categoria=Baja,0.0203,0.65,1.3972,3,SI alcohol=Bajo Y residual sugar=Medio Y sulphates=Medio ENTONCES calidad_categoria=Baja
774,"alcohol=Bajo, pH=Alto, total sulfur dioxide=Medio",calidad_categoria=Baja,0.0203,0.65,1.3972,3,SI alcohol=Bajo Y pH=Alto Y total sulfur dioxide=Medio ENTONCES calidad_categoria=Baja
775,"chlorides=Bajo, sulphates=Bajo, volatile acidity=Alto",calidad_categoria=Baja,0.0289,0.6491,1.3953,3,SI chlorides=Bajo Y sulphates=Bajo Y volatile acidity=Alto ENTONCES calidad_categoria=Baja
776,"alcohol=Bajo, density=Medio, total sulfur dioxide=Medio",calidad_categoria=Baja,0.0289,0.6491,1.3953,3,SI alcohol=Bajo Y density=Medio Y total sulfur dioxide=Medio ENTONCES calidad_categoria=Baja
777,"alcohol=Medio, density=Medio, volatile acidity=Alto",calidad_categoria=Baja,0.0274,0.6481,1.3932,3,SI alcohol=Medio Y density=Medio Y volatile acidity=Alto ENTONCES calidad_categoria=Baja
778,"alcohol=Medio, density=Alto, total sulfur dioxide=Alto",calidad_categoria=Baja,0.0274,0.6481,1.3932,3,SI alcohol=Medio Y density=Alto Y total sulfur dioxide=Alto ENTONCES calidad_categoria=Baja
779,"fixed acidity=Bajo, free sulfur dioxide=Medio, sulphates=Bajo",calidad_categoria=Baja,0.036,0.6479,1.3927,3,SI fixed acidity=Bajo Y free sulfur dioxide=Medio Y sulphates=Bajo ENTONCES calidad_categoria=Baja
780,"citric acid=Bajo, density=Medio, volatile acidity=Alto",calidad_categoria=Baja,0.0446,0.6477,1.3923,3,SI citric acid=Bajo Y density=Medio Y volatile acidity=Alto ENTONCES calidad_categoria=Baja
781,"citric acid=Bajo, residual sugar=Bajo, volatile acidity=Alto",calidad_categoria=Baja,0.0532,0.6476,1.3921,3,SI citric acid=Bajo Y residual sugar=Bajo Y volatile acidity=Alto ENTONCES calidad_categoria=Baja
782,"fixed acidity=Medio, total sulfur dioxide=Alto",calidad_categoria=Baja,0.0876,0.6474,1.3916,2,SI fixed acidity=Medio Y total sulfur dioxide=Alto ENTONCES calidad_categoria=Baja
783,"density=Medio, total sulfur dioxide=Medio, volatile acidity=Alto",calidad_categoria=Baja,0.0258,0.6471,1.3909,3,SI density=Medio Y total sulfur dioxide=Medio Y volatile acidity=Alto ENTONCES calidad_categoria=Baja
784,"citric acid=Medio, fixed acidity=Alto, pH=Bajo",calidad_categoria=Baja,0.0258,0.6471,1.3909,3,SI citric acid=Medio Y fixed acidity=Alto Y pH=Bajo ENTONCES calidad_categoria=Baja
785,"alcohol=Bajo, density=Alto, pH=Alto",calidad_categoria=Baja,0.0258,0.6471,1.3909,3,SI alcohol=Bajo Y density=Alto Y pH=Alto ENTONCES calidad_categoria=Baja
786,"fixed acidity=Medio, pH=Bajo",calidad_categoria=Baja,0.0688,0.6471,1.3909,2,SI fixed acidity=Medio Y pH=Bajo ENTONCES calidad_categoria=Baja
787,"citric acid=Medio, fixed acidity=Medio, pH=Bajo",calidad_categoria=Baja,0.0344,0.6471,1.3909,3,SI citric acid=Medio Y fixed acidity=Medio Y pH=Bajo ENTONCES calidad_categoria=Baja
788,"citric acid=Medio, sulphates=Medio, total sulfur dioxide=Alto",calidad_categoria=Baja,0.0328,0.6462,1.389,3,SI citric acid=Medio Y sulphates=Medio Y total sulfur dioxide=Alto ENTONCES calidad_categoria=Baja
789,"citric acid=Bajo, density=Alto, residual sugar=Alto",calidad_categoria=Baja,0.0242,0.6458,1.3883,3,SI citric acid=Bajo Y density=Alto Y residual sugar=Alto ENTONCES calidad_categoria=Baja
790,"alcohol=Medio, free sulfur dioxide=Medio, volatile acidity=Alto",calidad_categoria=Baja,0.0313,0.6452,1.3868,3,SI alcohol=Medio Y free sulfur dioxide=Medio Y volatile acidity=Alto ENTONCES calidad_categoria=Baja
791,"fixed acidity=Medio, sulphates=Bajo, volatile acidity=Medio",calidad_categoria=Baja,0.0313,0.6452,1.3868,3,SI fixed acidity=Medio Y sulphates=Bajo Y volatile acidity=Medio ENTONCES calidad_categoria=Baja
792,"alcohol=Bajo, citric acid=Medio, sulphates=Medio",calidad_categoria=Baja,0.0313,0.6452,1.3868,3,SI alcohol=Bajo Y citric acid=Medio Y sulphates=Medio ENTONCES calidad_categoria=Baja
793,"sulphates=Bajo, volatile acidity=Medio",calidad_categoria=Baja,0.0766,0.6447,1.3859,2,SI sulphates=Bajo Y volatile acidity=Medio ENTONCES calidad_categoria=Baja
794,"fixed acidity=Medio, sulphates=Medio, total sulfur dioxide=Alto",calidad_categoria=Baja,0.0227,0.6444,1.3853,3,SI fixed acidity=Medio Y sulphates=Medio Y total sulfur dioxide=Alto ENTONCES calidad_categoria=Baja
795,"pH=Medio, total sulfur dioxide=Bajo, volatile acidity=Alto",calidad_categoria=Baja,0.0227,0.6444,1.3853,3,SI pH=Medio Y total sulfur dioxide=Bajo Y volatile acidity=Alto ENTONCES calidad_categoria=Baja
796,"alcohol=Bajo, pH=Bajo, sulphates=Medio",calidad_categoria=Baja,0.0227,0.6444,1.3853,3,SI alcohol=Bajo Y pH=Bajo Y sulphates=Medio ENTONCES calidad_categoria=Baja
797,"citric acid=Medio, density=Alto, pH=Bajo",calidad_categoria=Baja,0.0227,0.6444,1.3853,3,SI citric acid=Medio Y density=Alto Y pH=Bajo ENTONCES calidad_categoria=Baja
798,"fixed acidity=Bajo, pH=Alto, sulphates=Bajo",calidad_categoria=Baja,0.0594,0.6441,1.3845,3,SI fixed acidity=Bajo Y pH=Alto Y sulphates=Bajo ENTONCES calidad_categoria=Baja
799,"citric acid=Bajo, fixed acidity=Medio, sulphates=Bajo",calidad_categoria=Baja,0.0367,0.6438,1.384,3,SI citric acid=Bajo Y fixed acidity=Medio Y sulphates=Bajo ENTONCES calidad_categoria=Baja
800,"alcohol=Bajo, chlorides=Bajo",calidad_categoria=Baja,0.0508,0.6436,1.3834,2,SI alcohol=Bajo Y chlorides=Bajo ENTONCES calidad_categoria=Baja
801,"chlorides=Alto, residual sugar=Bajo",calidad_categoria=Baja,0.0649,0.6434,1.3831,2,SI chlorides=Alto Y residual sugar=Bajo ENTONCES calidad_categoria=Baja
802,"fixed acidity=Alto, free sulfur dioxide=Alto, residual sugar=Alto",calidad_categoria=Baja,0.0352,0.6429,1.3819,3,SI fixed acidity=Alto Y free sulfur dioxide=Alto Y residual sugar=Alto ENTONCES calidad_categoria=Baja
803,"density=Medio, free sulfur dioxide=Medio, pH=Bajo",calidad_categoria=Baja,0.0281,0.6429,1.3819,3,SI density=Medio Y free sulfur dioxide=Medio Y pH=Bajo ENTONCES calidad_categoria=Baja
804,"citric acid=Alto, fixed acidity=Alto, sulphates=Bajo",calidad_categoria=Baja,0.0281,0.6429,1.3819,3,SI citric acid=Alto Y fixed acidity=Alto Y sulphates=Bajo ENTONCES calidad_categoria=Baja
805,"alcohol=Bajo, sulphates=Medio, volatile acidity=Medio",calidad_categoria=Baja,0.0281,0.6429,1.3819,3,SI alcohol=Bajo Y sulphates=Medio Y volatile acidity=Medio ENTONCES calidad_categoria=Baja
806,"chlorides=Medio, density=Alto, free sulfur dioxide=Medio",calidad_categoria=Baja,0.0211,0.6429,1.3819,3,SI chlorides=Medio Y density=Alto Y free sulfur dioxide=Medio ENTONCES calidad_categoria=Baja
807,"chlorides=Medio, sulphates=Medio, total sulfur dioxide=Alto",calidad_categoria=Baja,0.0211,0.6429,1.3819,3,SI chlorides=Medio Y sulphates=Medio Y total sulfur dioxide=Alto ENTONCES calidad_categoria=Baja
808,"alcohol=Bajo, chlorides=Alto, total sulfur dioxide=Medio",calidad_categoria=Baja,0.0211,0.6429,1.3819,3,SI alcohol=Bajo Y chlorides=Alto Y total sulfur dioxide=Medio ENTONCES calidad_categoria=Baja
809,"alcohol=Bajo, free sulfur dioxide=Bajo",calidad_categoria=Baja,0.0688,0.6423,1.3808,2,SI alcohol=Bajo Y free sulfur dioxide=Bajo ENTONCES calidad_categoria=Baja
810,"chlorides=Alto, sulphates=Alto, total sulfur dioxide=Alto",calidad_categoria=Baja,0.0336,0.6418,1.3796,3,SI chlorides=Alto Y sulphates=Alto Y total sulfur dioxide=Alto ENTONCES calidad_categoria=Baja
811,"fixed acidity=Alto, pH=Bajo, total sulfur dioxide=Alto",calidad_categoria=Baja,0.0336,0.6418,1.3796,3,SI fixed acidity=Alto Y pH=Bajo Y total sulfur dioxide=Alto ENTONCES calidad_categoria=Baja
812,"density=Bajo, residual sugar=Bajo, volatile acidity=Alto",calidad_categoria=Baja,0.0336,0.6418,1.3796,3,SI density=Bajo Y residual sugar=Bajo Y volatile acidity=Alto ENTONCES calidad_categoria=Baja
813,"citric acid=Medio, density=Bajo, sulphates=Bajo",calidad_categoria=Baja,0.0266,0.6415,1.379,3,SI citric acid=Medio Y density=Bajo Y sulphates=Bajo ENTONCES calidad_categoria=Baja
814,"citric acid=Medio, free sulfur dioxide=Bajo, sulphates=Bajo",calidad_categoria=Baja,0.0266,0.6415,1.379,3,SI citric acid=Medio Y free sulfur dioxide=Bajo Y sulphates=Bajo ENTONCES calidad_categoria=Baja
815,"citric acid=Bajo, density=Medio, total sulfur dioxide=Bajo",calidad_categoria=Baja,0.0266,0.6415,1.379,3,SI citric acid=Bajo Y density=Medio Y total sulfur dioxide=Bajo ENTONCES calidad_categoria=Baja
816,"alcohol=Bajo, citric acid=Alto, fixed acidity=Alto",calidad_categoria=Baja,0.0391,0.641,1.3779,3,SI alcohol=Bajo Y citric acid=Alto Y fixed acidity=Alto ENTONCES calidad_categoria=Baja
817,"alcohol=Bajo, density=Alto, free sulfur dioxide=Medio",calidad_categoria=Baja,0.0321,0.6406,1.3771,3,SI alcohol=Bajo Y density=Alto Y free sulfur dioxide=Medio ENTONCES calidad_categoria=Baja
818,"fixed acidity=Medio, residual sugar=Bajo, sulphates=Bajo",calidad_categoria=Baja,0.0375,0.64,1.3757,3,SI fixed acidity=Medio Y residual sugar=Bajo Y sulphates=Bajo ENTONCES calidad_categoria=Baja
819,"chlorides=Alto, sulphates=Medio, volatile acidity=Alto",calidad_categoria=Baja,0.025,0.64,1.3757,3,SI chlorides=Alto Y sulphates=Medio Y volatile acidity=Alto ENTONCES calidad_categoria=Baja
820,"pH=Medio, residual sugar=Alto, sulphates=Bajo",calidad_categoria=Baja,0.025,0.64,1.3757,3,SI pH=Medio Y residual sugar=Alto Y sulphates=Bajo ENTONCES calidad_categoria=Baja
821,"fixed acidity=Alto, total sulfur dioxide=Alto",calidad_categoria=Baja,0.0539,0.6389,1.3733,2,SI fixed acidity=Alto Y total sulfur dioxide=Alto ENTONCES calidad_categoria=Baja
822,"fixed acidity=Bajo, residual sugar=Bajo, sulphates=Bajo",calidad_categoria=Baja,0.0469,0.6383,1.3721,3,SI fixed acidity=Bajo Y residual sugar=Bajo Y sulphates=Bajo ENTONCES calidad_categoria=Baja
823,"chlorides=Bajo, free sulfur dioxide=Bajo, pH=Alto",calidad_categoria=Baja,0.0235,0.6383,1.3721,3,SI chlorides=Bajo Y free sulfur dioxide=Bajo Y pH=Alto ENTONCES calidad_categoria=Baja
824,"sulphates=Bajo, total sulfur dioxide=Bajo, volatile acidity=Medio",calidad_categoria=Baja,0.0235,0.6383,1.3721,3,SI sulphates=Bajo Y total sulfur dioxide=Bajo Y volatile acidity=Medio ENTONCES calidad_categoria=Baja
825,"alcohol=Medio, citric acid=Medio, volatile acidity=Alto",calidad_categoria=Baja,0.0235,0.6383,1.3721,3,SI alcohol=Medio Y citric acid=Medio Y volatile acidity=Alto ENTONCES calidad_categoria=Baja
826,"citric acid=Bajo, density=Medio, free sulfur dioxide=Bajo",calidad_categoria=Baja,0.0235,0.6383,1.3721,3,SI citric acid=Bajo Y density=Medio Y free sulfur dioxide=Bajo ENTONCES calidad_categoria=Baja
827,"free sulfur dioxide=Medio, pH=Medio, volatile acidity=Alto",calidad_categoria=Baja,0.0289,0.6379,1.3713,3,SI free sulfur dioxide=Medio Y pH=Medio Y volatile acidity=Alto ENTONCES calidad_categoria=Baja
828,"alcohol=Bajo, chlorides=Bajo, density=Medio",calidad_categoria=Baja,0.0289,0.6379,1.3713,3,SI alcohol=Bajo Y chlorides=Bajo Y density=Medio ENTONCES calidad_categoria=Baja
829,"chlorides=Bajo, free sulfur dioxide=Bajo, sulphates=Bajo",calidad_categoria=Baja,0.0344,0.6377,1.3707,3,SI chlorides=Bajo Y free sulfur dioxide=Bajo Y sulphates=Bajo ENTONCES calidad_categoria=Baja
830,"alcohol=Bajo, chlorides=Medio, fixed acidity=Medio",calidad_categoria=Baja,0.0344,0.6377,1.3707,3,SI alcohol=Bajo Y chlorides=Medio Y fixed acidity=Medio ENTONCES calidad_categoria=Baja
831,"alcohol=Medio, citric acid=Bajo, sulphates=Bajo",calidad_categoria=Baja,0.0399,0.6375,1.3704,3,SI alcohol=Medio Y citric acid=Bajo Y sulphates=Bajo ENTONCES calidad_categoria=Baja
832,"density=Alto, fixed acidity=Alto, free sulfur dioxide=Alto",calidad_categoria=Baja,0.0453,0.6374,1.3701,3,SI density=Alto Y fixed acidity=Alto Y free sulfur dioxide=Alto ENTONCES calidad_categoria=Baja
833,"residual sugar=Alto, total sulfur dioxide=Alto",calidad_categoria=Baja,0.0891,0.6369,1.369,2,SI residual sugar=Alto Y total sulfur dioxide=Alto ENTONCES calidad_categoria=Baja
834,"chlorides=Medio, residual sugar=Alto, volatile acidity=Medio",calidad_categoria=Baja,0.0219,0.6364,1.3679,3,SI chlorides=Medio Y residual sugar=Alto Y volatile acidity=Medio ENTONCES calidad_categoria=Baja
835,"density=Alto, pH=Medio, volatile acidity=Alto",calidad_categoria=Baja,0.0219,0.6364,1.3679,3,SI density=Alto Y pH=Medio Y volatile acidity=Alto ENTONCES calidad_categoria=Baja
836,"alcohol=Bajo, citric acid=Bajo, total sulfur dioxide=Medio",calidad_categoria=Baja,0.0219,0.6364,1.3679,3,SI alcohol=Bajo Y citric acid=Bajo Y total sulfur dioxide=Medio ENTONCES calidad_categoria=Baja
837,"chlorides=Alto, residual sugar=Bajo, sulphates=Bajo",calidad_categoria=Baja,0.0219,0.6364,1.3679,3,SI chlorides=Alto Y residual sugar=Bajo Y sulphates=Bajo ENTONCES calidad_categoria=Baja
838,"alcohol=Bajo, fixed acidity=Alto, sulphates=Medio",calidad_categoria=Baja,0.0219,0.6364,1.3679,3,SI alcohol=Bajo Y fixed acidity=Alto Y sulphates=Medio ENTONCES calidad_categoria=Baja
839,"chlorides=Medio, citric acid=Bajo, density=Alto",calidad_categoria=Baja,0.0219,0.6364,1.3679,3,SI chlorides=Medio Y citric acid=Bajo Y density=Alto ENTONCES calidad_categoria=Baja
840,"alcohol=Bajo, citric acid=Alto, residual sugar=Bajo",calidad_categoria=Baja,0.0219,0.6364,1.3679,3,SI alcohol=Bajo Y citric acid=Alto Y residual sugar=Bajo ENTONCES calidad_categoria=Baja
841,"chlorides=Medio, sulphates=Bajo, volatile acidity=Medio",calidad_categoria=Baja,0.0328,0.6364,1.3679,3,SI chlorides=Medio Y sulphates=Bajo Y volatile acidity=Medio ENTONCES calidad_categoria=Baja
842,"free sulfur dioxide=Bajo, pH=Bajo, sulphates=Bajo",calidad_categoria=Baja,0.0274,0.6364,1.3679,3,SI free sulfur dioxide=Bajo Y pH=Bajo Y sulphates=Bajo ENTONCES calidad_categoria=Baja
843,"chlorides=Alto, fixed acidity=Medio, free sulfur dioxide=Alto",calidad_categoria=Baja,0.0274,0.6364,1.3679,3,SI chlorides=Alto Y fixed acidity=Medio Y free sulfur dioxide=Alto ENTONCES calidad_categoria=Baja
844,"density=Medio, fixed acidity=Medio, free sulfur dioxide=Medio",calidad_categoria=Baja,0.0367,0.6351,1.3653,3,SI density=Medio Y fixed acidity=Medio Y free sulfur dioxide=Medio ENTONCES calidad_categoria=Baja
845,"chlorides=Medio, pH=Medio, sulphates=Bajo",calidad_categoria=Baja,0.0367,0.6351,1.3653,3,SI chlorides=Medio Y pH=Medio Y sulphates=Bajo ENTONCES calidad_categoria=Baja
846,"chlorides=Alto, density=Medio, free sulfur dioxide=Medio",calidad_categoria=Baja,0.0313,0.6349,1.3648,3,SI chlorides=Alto Y density=Medio Y free sulfur dioxide=Medio ENTONCES calidad_categoria=Baja
847,"citric acid=Bajo, residual sugar=Alto",calidad_categoria=Baja,0.0571,0.6348,1.3645,2,SI citric acid=Bajo Y residual sugar=Alto ENTONCES calidad_categoria=Baja
848,"citric acid=Bajo, free sulfur dioxide=Bajo, total sulfur dioxide=Bajo",calidad_categoria=Baja,0.0571,0.6348,1.3645,3,SI citric acid=Bajo Y free sulfur dioxide=Bajo Y total sulfur dioxide=Bajo ENTONCES calidad_categoria=Baja
849,"density=Bajo, total sulfur dioxide=Bajo, volatile acidity=Alto",calidad_categoria=Baja,0.0258,0.6346,1.3642,3,SI density=Bajo Y total sulfur dioxide=Bajo Y volatile acidity=Alto ENTONCES calidad_categoria=Baja
850,"chlorides=Bajo, fixed acidity=Medio, sulphates=Bajo",calidad_categoria=Baja,0.0258,0.6346,1.3642,3,SI chlorides=Bajo Y fixed acidity=Medio Y sulphates=Bajo ENTONCES calidad_categoria=Baja
851,"citric acid=Medio, free sulfur dioxide=Alto, pH=Medio",calidad_categoria=Baja,0.0258,0.6346,1.3642,3,SI citric acid=Medio Y free sulfur dioxide=Alto Y pH=Medio ENTONCES calidad_categoria=Baja
852,"chlorides=Alto, free sulfur dioxide=Alto",calidad_categoria=Baja,0.0665,0.6343,1.3635,2,SI chlorides=Alto Y free sulfur dioxide=Alto ENTONCES calidad_categoria=Baja
853,"chlorides=Alto, pH=Alto",calidad_categoria=Baja,0.0407,0.6341,1.3631,2,SI chlorides=Alto Y pH=Alto ENTONCES calidad_categoria=Baja
854,"fixed acidity=Medio, residual sugar=Medio, volatile acidity=Alto",calidad_categoria=Baja,0.0203,0.6341,1.3631,3,SI fixed acidity=Medio Y residual sugar=Medio Y volatile acidity=Alto ENTONCES calidad_categoria=Baja
855,"citric acid=Medio, residual sugar=Alto, sulphates=Medio",calidad_categoria=Baja,0.0203,0.6341,1.3631,3,SI citric acid=Medio Y residual sugar=Alto Y sulphates=Medio ENTONCES calidad_categoria=Baja
856,"fixed acidity=Bajo, pH=Medio, volatile acidity=Alto",calidad_categoria=Baja,0.0203,0.6341,1.3631,3,SI fixed acidity=Bajo Y pH=Medio Y volatile acidity=Alto ENTONCES calidad_categoria=Baja
857,"chlorides=Alto, free sulfur dioxide=Medio, volatile acidity=Alto",calidad_categoria=Baja,0.0352,0.6338,1.3624,3,SI chlorides=Alto Y free sulfur dioxide=Medio Y volatile acidity=Alto ENTONCES calidad_categoria=Baja
858,"alcohol=Bajo, pH=Medio, residual sugar=Bajo",calidad_categoria=Baja,0.0352,0.6338,1.3624,3,SI alcohol=Bajo Y pH=Medio Y residual sugar=Bajo ENTONCES calidad_categoria=Baja
859,"fixed acidity=Medio, free sulfur dioxide=Medio, sulphates=Bajo",calidad_categoria=Baja,0.0297,0.6333,1.3614,3,SI fixed acidity=Medio Y free sulfur dioxide=Medio Y sulphates=Bajo ENTONCES calidad_categoria=Baja
860,"chlorides=Medio, pH=Medio, total sulfur dioxide=Alto",calidad_categoria=Baja,0.0297,0.6333,1.3614,3,SI chlorides=Medio Y pH=Medio Y total sulfur dioxide=Alto ENTONCES calidad_categoria=Baja
861,"chlorides=Medio, citric acid=Medio, total sulfur dioxide=Alto",calidad_categoria=Baja,0.0391,0.6329,1.3605,3,SI chlorides=Medio Y citric acid=Medio Y total sulfur dioxide=Alto ENTONCES calidad_categoria=Baja
862,"alcohol=Medio, density=Medio, pH=Alto",calidad_categoria=Baja,0.0242,0.6327,1.3599,3,SI alcohol=Medio Y density=Medio Y pH=Alto ENTONCES calidad_categoria=Baja
863,"pH=Medio, total sulfur dioxide=Alto",calidad_categoria=Baja,0.0751,0.6316,1.3576,2,SI pH=Medio Y total sulfur dioxide=Alto ENTONCES calidad_categoria=Baja
864,"fixed acidity=Medio, pH=Medio, sulphates=Bajo",calidad_categoria=Baja,0.0414,0.631,1.3563,3,SI fixed acidity=Medio Y pH=Medio Y sulphates=Bajo ENTONCES calidad_categoria=Baja
865,"citric acid=Bajo, fixed acidity=Medio, total sulfur dioxide=Bajo",calidad_categoria=Baja,0.0227,0.6304,1.3552,3,SI citric acid=Bajo Y fixed acidity=Medio Y total sulfur dioxide=Bajo ENTONCES calidad_categoria=Baja
866,"alcohol=Bajo, pH=Medio, sulphates=Medio",calidad_categoria=Baja,0.0227,0.6304,1.3552,3,SI alcohol=Bajo Y pH=Medio Y sulphates=Medio ENTONCES calidad_categoria=Baja
867,"chlorides=Alto, citric acid=Alto, residual sugar=Bajo",calidad_categoria=Baja,0.0227,0.6304,1.3552,3,SI chlorides=Alto Y citric acid=Alto Y residual sugar=Bajo ENTONCES calidad_categoria=Baja
868,"free sulfur dioxide=Alto, pH=Medio, volatile acidity=Medio",calidad_categoria=Baja,0.0227,0.6304,1.3552,3,SI free sulfur dioxide=Alto Y pH=Medio Y volatile acidity=Medio ENTONCES calidad_categoria=Baja
869,"citric acid=Bajo, residual sugar=Bajo, total sulfur dioxide=Bajo",calidad_categoria=Baja,0.0399,0.6296,1.3534,3,SI citric acid=Bajo Y residual sugar=Bajo Y total sulfur dioxide=Bajo ENTONCES calidad_categoria=Baja
870,"density=Medio, free sulfur dioxide=Medio, sulphates=Bajo",calidad_categoria=Baja,0.0266,0.6296,1.3534,3,SI density=Medio Y free sulfur dioxide=Medio Y sulphates=Bajo ENTONCES calidad_categoria=Baja
871,"alcohol=Bajo, pH=Bajo, volatile acidity=Bajo",calidad_categoria=Baja,0.0266,0.6296,1.3534,3,SI alcohol=Bajo Y pH=Bajo Y volatile acidity=Bajo ENTONCES calidad_categoria=Baja
872,"citric acid=Alto, pH=Bajo, sulphates=Bajo",calidad_categoria=Baja,0.0266,0.6296,1.3534,3,SI citric acid=Alto Y pH=Bajo Y sulphates=Bajo ENTONCES calidad_categoria=Baja
873,"alcohol=Medio, density=Alto, volatile acidity=Alto",calidad_categoria=Baja,0.0266,0.6296,1.3534,3,SI alcohol=Medio Y density=Alto Y volatile acidity=Alto ENTONCES calidad_categoria=Baja
874,"chlorides=Bajo, citric acid=Medio, sulphates=Bajo",calidad_categoria=Baja,0.0266,0.6296,1.3534,3,SI chlorides=Bajo Y citric acid=Medio Y sulphates=Bajo ENTONCES calidad_categoria=Baja
875,"citric acid=Medio, fixed acidity=Medio, residual sugar=Medio",calidad_categoria=Baja,0.0266,0.6296,1.3534,3,SI citric acid=Medio Y fixed acidity=Medio Y residual sugar=Medio ENTONCES calidad_categoria=Baja
876,"fixed acidity=Bajo, sulphates=Bajo, total sulfur dioxide=Alto",calidad_categoria=Baja,0.0266,0.6296,1.3534,3,SI fixed acidity=Bajo Y sulphates=Bajo Y total sulfur dioxide=Alto ENTONCES calidad_categoria=Baja
877,"alcohol=Bajo, density=Medio, free sulfur dioxide=Bajo",calidad_categoria=Baja,0.0266,0.6296,1.3534,3,SI alcohol=Bajo Y density=Medio Y free sulfur dioxide=Bajo ENTONCES calidad_categoria=Baja
878,"alcohol=Bajo, citric acid=Bajo, free sulfur dioxide=Bajo",calidad_categoria=Baja,0.0266,0.6296,1.3534,3,SI alcohol=Bajo Y citric acid=Bajo Y free sulfur dioxide=Bajo ENTONCES calidad_categoria=Baja
879,"fixed acidity=Bajo, sulphates=Bajo",calidad_categoria=Baja,0.0954,0.6289,1.3518,2,SI fixed acidity=Bajo Y sulphates=Bajo ENTONCES calidad_categoria=Baja
880,"alcohol=Medio, free sulfur dioxide=Alto, sulphates=Bajo",calidad_categoria=Baja,0.0211,0.6279,1.3497,3,SI alcohol=Medio Y free sulfur dioxide=Alto Y sulphates=Bajo ENTONCES calidad_categoria=Baja
881,"chlorides=Medio, fixed acidity=Medio, residual sugar=Alto",calidad_categoria=Baja,0.0211,0.6279,1.3497,3,SI chlorides=Medio Y fixed acidity=Medio Y residual sugar=Alto ENTONCES calidad_categoria=Baja
882,"alcohol=Bajo, residual sugar=Medio, total sulfur dioxide=Medio",calidad_categoria=Baja,0.0211,0.6279,1.3497,3,SI alcohol=Bajo Y residual sugar=Medio Y total sulfur dioxide=Medio ENTONCES calidad_categoria=Baja
883,"density=Alto, fixed acidity=Bajo, pH=Alto",calidad_categoria=Baja,0.0211,0.6279,1.3497,3,SI density=Alto Y fixed acidity=Bajo Y pH=Alto ENTONCES calidad_categoria=Baja
884,"alcohol=Bajo, citric acid=Medio, volatile acidity=Bajo",calidad_categoria=Baja,0.0211,0.6279,1.3497,3,SI alcohol=Bajo Y citric acid=Medio Y volatile acidity=Bajo ENTONCES calidad_categoria=Baja
885,"chlorides=Medio, total sulfur dioxide=Alto",calidad_categoria=Baja,0.0711,0.6276,1.349,2,SI chlorides=Medio Y total sulfur dioxide=Alto ENTONCES calidad_categoria=Baja
886,"chlorides=Medio, fixed acidity=Medio, volatile acidity=Alto",calidad_categoria=Baja,0.025,0.6275,1.3488,3,SI chlorides=Medio Y fixed acidity=Medio Y volatile acidity=Alto ENTONCES calidad_categoria=Baja
887,"chlorides=Alto, density=Alto, fixed acidity=Medio",calidad_categoria=Baja,0.025,0.6275,1.3488,3,SI chlorides=Alto Y density=Alto Y fixed acidity=Medio ENTONCES calidad_categoria=Baja
888,"citric acid=Medio, density=Medio, total sulfur dioxide=Medio",calidad_categoria=Baja,0.025,0.6275,1.3488,3,SI citric acid=Medio Y density=Medio Y total sulfur dioxide=Medio ENTONCES calidad_categoria=Baja
889,"chlorides=Alto, citric acid=Bajo, pH=Alto",calidad_categoria=Baja,0.025,0.6275,1.3488,3,SI chlorides=Alto Y citric acid=Bajo Y pH=Alto ENTONCES calidad_categoria=Baja
890,"density=Medio, total sulfur dioxide=Alto",calidad_categoria=Baja,0.0829,0.6272,1.3483,2,SI density=Medio Y total sulfur dioxide=Alto ENTONCES calidad_categoria=Baja
891,"fixed acidity=Medio, pH=Medio, volatile acidity=Alto",calidad_categoria=Baja,0.0328,0.6269,1.3475,3,SI fixed acidity=Medio Y pH=Medio Y volatile acidity=Alto ENTONCES calidad_categoria=Baja
892,"alcohol=Bajo, free sulfur dioxide=Medio, total sulfur dioxide=Medio",calidad_categoria=Baja,0.0328,0.6269,1.3475,3,SI alcohol=Bajo Y free sulfur dioxide=Medio Y total sulfur dioxide=Medio ENTONCES calidad_categoria=Baja
893,"pH=Medio, sulphates=Bajo",calidad_categoria=Baja,0.086,0.625,1.3435,2,SI pH=Medio Y sulphates=Bajo ENTONCES calidad_categoria=Baja
894,"pH=Medio, volatile acidity=Alto",calidad_categoria=Baja,0.0665,0.625,1.3435,2,SI pH=Medio Y volatile acidity=Alto ENTONCES calidad_categoria=Baja
895,"free sulfur dioxide=Alto, residual sugar=Alto, total sulfur dioxide=Alto",calidad_categoria=Baja,0.0665,0.625,1.3435,3,SI free sulfur dioxide=Alto Y residual sugar=Alto Y total sulfur dioxide=Alto ENTONCES calidad_categoria=Baja
896,"citric acid=Bajo, density=Medio, free sulfur dioxide=Medio",calidad_categoria=Baja,0.0313,0.625,1.3435,3,SI citric acid=Bajo Y density=Medio Y free sulfur dioxide=Medio ENTONCES calidad_categoria=Baja
897,"citric acid=Medio, density=Alto, fixed acidity=Alto",calidad_categoria=Baja,0.0313,0.625,1.3435,3,SI citric acid=Medio Y density=Alto Y fixed acidity=Alto ENTONCES calidad_categoria=Baja
898,"density=Medio, total sulfur dioxide=Alto, volatile acidity=Medio",calidad_categoria=Baja,0.0274,0.625,1.3435,3,SI density=Medio Y total sulfur dioxide=Alto Y volatile acidity=Medio ENTONCES calidad_categoria=Baja
899,"chlorides=Medio, density=Medio, pH=Alto",calidad_categoria=Baja,0.0274,0.625,1.3435,3,SI chlorides=Medio Y density=Medio Y pH=Alto ENTONCES calidad_categoria=Baja
900,"chlorides=Alto, sulphates=Medio, total sulfur dioxide=Alto",calidad_categoria=Baja,0.0274,0.625,1.3435,3,SI chlorides=Alto Y sulphates=Medio Y total sulfur dioxide=Alto ENTONCES calidad_categoria=Baja
901,"citric acid=Medio, density=Alto, sulphates=Medio",calidad_categoria=Baja,0.0235,0.625,1.3435,3,SI citric acid=Medio Y density=Alto Y sulphates=Medio ENTONCES calidad_categoria=Baja
902,"alcohol=Medio, fixed acidity=Bajo, total sulfur dioxide=Alto",calidad_categoria=Baja,0.0235,0.625,1.3435,3,SI alcohol=Medio Y fixed acidity=Bajo Y total sulfur dioxide=Alto ENTONCES calidad_categoria=Baja
903,"citric acid=Medio, pH=Bajo",calidad_categoria=Baja,0.0649,0.6241,1.3415,2,SI citric acid=Medio Y pH=Bajo ENTONCES calidad_categoria=Baja
904,"citric acid=Bajo, pH=Alto, total sulfur dioxide=Bajo",calidad_categoria=Baja,0.0493,0.6238,1.3408,3,SI citric acid=Bajo Y pH=Alto Y total sulfur dioxide=Bajo ENTONCES calidad_categoria=Baja
905,"free sulfur dioxide=Medio, volatile acidity=Alto",calidad_categoria=Baja,0.079,0.6235,1.3402,2,SI free sulfur dioxide=Medio Y volatile acidity=Alto ENTONCES calidad_categoria=Baja
906,"residual sugar=Bajo, total sulfur dioxide=Alto",calidad_categoria=Baja,0.0672,0.6232,1.3396,2,SI residual sugar=Bajo Y total sulfur dioxide=Alto ENTONCES calidad_categoria=Baja
907,"density=Medio, residual sugar=Bajo, volatile acidity=Medio",calidad_categoria=Baja,0.0297,0.623,1.3391,3,SI density=Medio Y residual sugar=Bajo Y volatile acidity=Medio ENTONCES calidad_categoria=Baja
908,"density=Alto, free sulfur dioxide=Alto, volatile acidity=Medio",calidad_categoria=Baja,0.0297,0.623,1.3391,3,SI density=Alto Y free sulfur dioxide=Alto Y volatile acidity=Medio ENTONCES calidad_categoria=Baja
909,"density=Medio, fixed acidity=Bajo, total sulfur dioxide=Alto",calidad_categoria=Baja,0.0258,0.6226,1.3384,3,SI density=Medio Y fixed acidity=Bajo Y total sulfur dioxide=Alto ENTONCES calidad_categoria=Baja
910,"sulphates=Medio, total sulfur dioxide=Alto, volatile acidity=Medio",calidad_categoria=Baja,0.0258,0.6226,1.3384,3,SI sulphates=Medio Y total sulfur dioxide=Alto Y volatile acidity=Medio ENTONCES calidad_categoria=Baja
911,"residual sugar=Bajo, sulphates=Bajo",calidad_categoria=Baja,0.0954,0.6224,1.338,2,SI residual sugar=Bajo Y sulphates=Bajo ENTONCES calidad_categoria=Baja
912,"citric acid=Bajo, free sulfur dioxide=Medio, sulphates=Bajo",calidad_categoria=Baja,0.0438,0.6222,1.3375,3,SI citric acid=Bajo Y free sulfur dioxide=Medio Y sulphates=Bajo ENTONCES calidad_categoria=Baja
913,"alcohol=Bajo, pH=Medio, total sulfur dioxide=Bajo",calidad_categoria=Baja,0.0219,0.6222,1.3375,3,SI alcohol=Bajo Y pH=Medio Y total sulfur dioxide=Bajo ENTONCES calidad_categoria=Baja
914,"chlorides=Alto, density=Bajo, sulphates=Bajo",calidad_categoria=Baja,0.0219,0.6222,1.3375,3,SI chlorides=Alto Y density=Bajo Y sulphates=Bajo ENTONCES calidad_categoria=Baja
915,"density=Bajo, fixed acidity=Bajo, free sulfur dioxide=Bajo",calidad_categoria=Baja,0.036,0.6216,1.3362,3,SI density=Bajo Y fixed acidity=Bajo Y free sulfur dioxide=Bajo ENTONCES calidad_categoria=Baja
916,"citric acid=Bajo, free sulfur dioxide=Bajo",calidad_categoria=Baja,0.0641,0.6212,1.3353,2,SI citric acid=Bajo Y free sulfur dioxide=Bajo ENTONCES calidad_categoria=Baja
917,"chlorides=Bajo, sulphates=Bajo, total sulfur dioxide=Bajo",calidad_categoria=Baja,0.0321,0.6212,1.3353,3,SI chlorides=Bajo Y sulphates=Bajo Y total sulfur dioxide=Bajo ENTONCES calidad_categoria=Baja
918,"total sulfur dioxide=Alto, volatile acidity=Medio",calidad_categoria=Baja,0.0743,0.6209,1.3347,2,SI total sulfur dioxide=Alto Y volatile acidity=Medio ENTONCES calidad_categoria=Baja
919,"citric acid=Medio, density=Medio, free sulfur dioxide=Medio",calidad_categoria=Baja,0.0281,0.6207,1.3342,3,SI citric acid=Medio Y density=Medio Y free sulfur dioxide=Medio ENTONCES calidad_categoria=Baja
920,"chlorides=Medio, sulphates=Bajo, total sulfur dioxide=Medio",calidad_categoria=Baja,0.0281,0.6207,1.3342,3,SI chlorides=Medio Y sulphates=Bajo Y total sulfur dioxide=Medio ENTONCES calidad_categoria=Baja
921,"citric acid=Medio, pH=Bajo, volatile acidity=Medio",calidad_categoria=Baja,0.0281,0.6207,1.3342,3,SI citric acid=Medio Y pH=Bajo Y volatile acidity=Medio ENTONCES calidad_categoria=Baja
922,"free sulfur dioxide=Alto, residual sugar=Alto, volatile acidity=Medio",calidad_categoria=Baja,0.0281,0.6207,1.3342,3,SI free sulfur dioxide=Alto Y residual sugar=Alto Y volatile acidity=Medio ENTONCES calidad_categoria=Baja
923,"alcohol=Bajo, total sulfur dioxide=Bajo",calidad_categoria=Baja,0.0586,0.6198,1.3324,2,SI alcohol=Bajo Y total sulfur dioxide=Bajo ENTONCES calidad_categoria=Baja
924,"pH=Alto, residual sugar=Bajo, volatile acidity=Alto",calidad_categoria=Baja,0.0344,0.6197,1.3321,3,SI pH=Alto Y residual sugar=Bajo Y volatile acidity=Alto ENTONCES calidad_categoria=Baja
925,"chlorides=Alto, fixed acidity=Bajo, volatile acidity=Alto",calidad_categoria=Baja,0.0305,0.619,1.3307,3,SI chlorides=Alto Y fixed acidity=Bajo Y volatile acidity=Alto ENTONCES calidad_categoria=Baja
926,"alcohol=Bajo, chlorides=Medio, free sulfur dioxide=Bajo",calidad_categoria=Baja,0.0203,0.619,1.3307,3,SI alcohol=Bajo Y chlorides=Medio Y free sulfur dioxide=Bajo ENTONCES calidad_categoria=Baja
927,"citric acid=Alto, free sulfur dioxide=Bajo, sulphates=Bajo",calidad_categoria=Baja,0.0203,0.619,1.3307,3,SI citric acid=Alto Y free sulfur dioxide=Bajo Y sulphates=Bajo ENTONCES calidad_categoria=Baja
928,"fixed acidity=Alto, total sulfur dioxide=Alto, volatile acidity=Medio",calidad_categoria=Baja,0.0203,0.619,1.3307,3,SI fixed acidity=Alto Y total sulfur dioxide=Alto Y volatile acidity=Medio ENTONCES calidad_categoria=Baja
929,"pH=Alto, residual sugar=Alto",calidad_categoria=Baja,0.0508,0.619,1.3307,2,SI pH=Alto Y residual sugar=Alto ENTONCES calidad_categoria=Baja
930,"alcohol=Bajo, density=Alto, volatile acidity=Bajo",calidad_categoria=Baja,0.0266,0.6182,1.3288,3,SI alcohol=Bajo Y density=Alto Y volatile acidity=Bajo ENTONCES calidad_categoria=Baja
931,"density=Medio, fixed acidity=Bajo, residual sugar=Bajo",calidad_categoria=Baja,0.0266,0.6182,1.3288,3,SI density=Medio Y fixed acidity=Bajo Y residual sugar=Bajo ENTONCES calidad_categoria=Baja
932,"chlorides=Bajo, pH=Medio, sulphates=Bajo",calidad_categoria=Baja,0.0266,0.6182,1.3288,3,SI chlorides=Bajo Y pH=Medio Y sulphates=Bajo ENTONCES calidad_categoria=Baja
933,"fixed acidity=Alto, free sulfur dioxide=Alto, total sulfur dioxide=Alto",calidad_categoria=Baja,0.043,0.618,1.3284,3,SI fixed acidity=Alto Y free sulfur dioxide=Alto Y total sulfur dioxide=Alto ENTONCES calidad_categoria=Baja
934,"alcohol=Bajo, fixed acidity=Bajo, pH=Alto",calidad_categoria=Baja,0.0328,0.6176,1.3277,3,SI alcohol=Bajo Y fixed acidity=Bajo Y pH=Alto ENTONCES calidad_categoria=Baja
935,"free sulfur dioxide=Medio, sulphates=Bajo",calidad_categoria=Baja,0.0719,0.6174,1.3273,2,SI free sulfur dioxide=Medio Y sulphates=Bajo ENTONCES calidad_categoria=Baja
936,"chlorides=Alto, pH=Medio, sulphates=Bajo",calidad_categoria=Baja,0.0227,0.617,1.3263,3,SI chlorides=Alto Y pH=Medio Y sulphates=Bajo ENTONCES calidad_categoria=Baja
937,"pH=Medio, sulphates=Bajo, volatile acidity=Medio",calidad_categoria=Baja,0.0289,0.6167,1.3256,3,SI pH=Medio Y sulphates=Bajo Y volatile acidity=Medio ENTONCES calidad_categoria=Baja
938,"citric acid=Medio, density=Medio, fixed acidity=Medio",calidad_categoria=Baja,0.0477,0.6162,1.3245,3,SI citric acid=Medio Y density=Medio Y fixed acidity=Medio ENTONCES calidad_categoria=Baja
939,"citric acid=Medio, density=Alto",calidad_categoria=Baja,0.0602,0.616,1.3241,2,SI citric acid=Medio Y density=Alto ENTONCES calidad_categoria=Baja
940,"citric acid=Medio, free sulfur dioxide=Alto",calidad_categoria=Baja,0.079,0.6159,1.3238,2,SI citric acid=Medio Y free sulfur dioxide=Alto ENTONCES calidad_categoria=Baja
941,"free sulfur dioxide=Bajo, residual sugar=Bajo, sulphates=Bajo",calidad_categoria=Baja,0.0375,0.6154,1.3228,3,SI free sulfur dioxide=Bajo Y residual sugar=Bajo Y sulphates=Bajo ENTONCES calidad_categoria=Baja
942,"alcohol=Medio, chlorides=Medio, volatile acidity=Alto",calidad_categoria=Baja,0.0313,0.6154,1.3228,3,SI alcohol=Medio Y chlorides=Medio Y volatile acidity=Alto ENTONCES calidad_categoria=Baja
943,"citric acid=Alto, density=Alto, total sulfur dioxide=Alto",calidad_categoria=Baja,0.025,0.6154,1.3228,3,SI citric acid=Alto Y density=Alto Y total sulfur dioxide=Alto ENTONCES calidad_categoria=Baja
944,"alcohol=Medio, sulphates=Medio, volatile acidity=Alto",calidad_categoria=Baja,0.025,0.6154,1.3228,3,SI alcohol=Medio Y sulphates=Medio Y volatile acidity=Alto ENTONCES calidad_categoria=Baja
945,"alcohol=Medio, chlorides=Alto, citric acid=Bajo",calidad_categoria=Baja,0.025,0.6154,1.3228,3,SI alcohol=Medio Y chlorides=Alto Y citric acid=Bajo ENTONCES calidad_categoria=Baja
946,"chlorides=Medio, fixed acidity=Bajo, residual sugar=Bajo",calidad_categoria=Baja,0.0336,0.6143,1.3205,3,SI chlorides=Medio Y fixed acidity=Bajo Y residual sugar=Bajo ENTONCES calidad_categoria=Baja
947,"fixed acidity=Medio, free sulfur dioxide=Alto, total sulfur dioxide=Alto",calidad_categoria=Baja,0.0547,0.614,1.3199,3,SI fixed acidity=Medio Y free sulfur dioxide=Alto Y total sulfur dioxide=Alto ENTONCES calidad_categoria=Baja
948,"chlorides=Medio, citric acid=Bajo, pH=Alto",calidad_categoria=Baja,0.0422,0.6136,1.3191,3,SI chlorides=Medio Y citric acid=Bajo Y pH=Alto ENTONCES calidad_categoria=Baja
949,"density=Medio, pH=Bajo, total sulfur dioxide=Medio",calidad_categoria=Baja,0.0211,0.6136,1.3191,3,SI density=Medio Y pH=Bajo Y total sulfur dioxide=Medio ENTONCES calidad_categoria=Baja
950,"chlorides=Medio, citric acid=Bajo, total sulfur dioxide=Bajo",calidad_categoria=Baja,0.0211,0.6136,1.3191,3,SI chlorides=Medio Y citric acid=Bajo Y total sulfur dioxide=Bajo ENTONCES calidad_categoria=Baja
951,"pH=Medio, sulphates=Medio, total sulfur dioxide=Alto",calidad_categoria=Baja,0.0211,0.6136,1.3191,3,SI pH=Medio Y sulphates=Medio Y total sulfur dioxide=Alto ENTONCES calidad_categoria=Baja
952,"alcohol=Bajo, sulphates=Medio",calidad_categoria=Baja,0.0633,0.6136,1.3191,2,SI alcohol=Bajo Y sulphates=Medio ENTONCES calidad_categoria=Baja
953,"fixed acidity=Bajo, total sulfur dioxide=Bajo, volatile acidity=Alto",calidad_categoria=Baja,0.036,0.6133,1.3184,3,SI fixed acidity=Bajo Y total sulfur dioxide=Bajo Y volatile acidity=Alto ENTONCES calidad_categoria=Baja
954,"free sulfur dioxide=Alto, pH=Bajo",calidad_categoria=Baja,0.0657,0.6131,1.318,2,SI free sulfur dioxide=Alto Y pH=Bajo ENTONCES calidad_categoria=Baja
955,"residual sugar=Medio, sulphates=Bajo",calidad_categoria=Baja,0.0594,0.6129,1.3175,2,SI residual sugar=Medio Y sulphates=Bajo ENTONCES calidad_categoria=Baja
956,"alcohol=Bajo, citric acid=Bajo, pH=Medio",calidad_categoria=Baja,0.0297,0.6129,1.3175,3,SI alcohol=Bajo Y citric acid=Bajo Y pH=Medio ENTONCES calidad_categoria=Baja
957,"citric acid=Alto, sulphates=Bajo",calidad_categoria=Baja,0.0383,0.6125,1.3166,2,SI citric acid=Alto Y sulphates=Bajo ENTONCES calidad_categoria=Baja
958,"alcohol=Bajo, free sulfur dioxide=Bajo, total sulfur dioxide=Bajo",calidad_categoria=Baja,0.0469,0.6122,1.3161,3,SI alcohol=Bajo Y free sulfur dioxide=Bajo Y total sulfur dioxide=Bajo ENTONCES calidad_categoria=Baja
959,"fixed acidity=Alto, free sulfur dioxide=Bajo, sulphates=Bajo",calidad_categoria=Baja,0.0235,0.6122,1.3161,3,SI fixed acidity=Alto Y free sulfur dioxide=Bajo Y sulphates=Bajo ENTONCES calidad_categoria=Baja
960,"alcohol=Bajo, chlorides=Bajo, free sulfur dioxide=Bajo",calidad_categoria=Baja,0.0235,0.6122,1.3161,3,SI alcohol=Bajo Y chlorides=Bajo Y free sulfur dioxide=Bajo ENTONCES calidad_categoria=Baja
961,"citric acid=Medio, pH=Medio, sulphates=Medio",calidad_categoria=Baja,0.0235,0.6122,1.3161,3,SI citric acid=Medio Y pH=Medio Y sulphates=Medio ENTONCES calidad_categoria=Baja
962,"residual sugar=Medio, sulphates=Bajo, volatile acidity=Medio",calidad_categoria=Baja,0.0235,0.6122,1.3161,3,SI residual sugar=Medio Y sulphates=Bajo Y volatile acidity=Medio ENTONCES calidad_categoria=Baja
963,"chlorides=Alto, free sulfur dioxide=Medio, sulphates=Bajo",calidad_categoria=Baja,0.0235,0.6122,1.3161,3,SI chlorides=Alto Y free sulfur dioxide=Medio Y sulphates=Bajo ENTONCES calidad_categoria=Baja
964,"chlorides=Medio, citric acid=Bajo, free sulfur dioxide=Medio",calidad_categoria=Baja,0.0321,0.6119,1.3154,3,SI chlorides=Medio Y citric acid=Bajo Y free sulfur dioxide=Medio ENTONCES calidad_categoria=Baja
965,"chlorides=Medio, fixed acidity=Bajo, free sulfur dioxide=Medio",calidad_categoria=Baja,0.0321,0.6119,1.3154,3,SI chlorides=Medio Y fixed acidity=Bajo Y free sulfur dioxide=Medio ENTONCES calidad_categoria=Baja
966,total sulfur dioxide=Alto,calidad_categoria=Baja,0.2033,0.6118,1.315,1,SI total sulfur dioxide=Alto ENTONCES calidad_categoria=Baja
967,"residual sugar=Bajo, sulphates=Bajo, total sulfur dioxide=Bajo",calidad_categoria=Baja,0.0407,0.6118,1.315,3,SI residual sugar=Bajo Y sulphates=Bajo Y total sulfur dioxide=Bajo ENTONCES calidad_categoria=Baja
968,"chlorides=Medio, density=Alto, volatile acidity=Alto",calidad_categoria=Baja,0.0258,0.6111,1.3136,3,SI chlorides=Medio Y density=Alto Y volatile acidity=Alto ENTONCES calidad_categoria=Baja
969,"alcohol=Medio, density=Medio, fixed acidity=Bajo",calidad_categoria=Baja,0.0258,0.6111,1.3136,3,SI alcohol=Medio Y density=Medio Y fixed acidity=Bajo ENTONCES calidad_categoria=Baja
970,"chlorides=Alto, fixed acidity=Medio",calidad_categoria=Baja,0.0735,0.6104,1.3121,2,SI chlorides=Alto Y fixed acidity=Medio ENTONCES calidad_categoria=Baja
971,"citric acid=Medio, fixed acidity=Medio, volatile acidity=Medio",calidad_categoria=Baja,0.0367,0.6104,1.3121,3,SI citric acid=Medio Y fixed acidity=Medio Y volatile acidity=Medio ENTONCES calidad_categoria=Baja
972,"citric acid=Alto, pH=Bajo, total sulfur dioxide=Alto",calidad_categoria=Baja,0.0281,0.6102,1.3116,3,SI citric acid=Alto Y pH=Bajo Y total sulfur dioxide=Alto ENTONCES calidad_categoria=Baja
973,"fixed acidity=Medio, residual sugar=Alto, total sulfur dioxide=Alto",calidad_categoria=Baja,0.0281,0.6102,1.3116,3,SI fixed acidity=Medio Y residual sugar=Alto Y total sulfur dioxide=Alto ENTONCES calidad_categoria=Baja
974,"citric acid=Bajo, total sulfur dioxide=Alto",calidad_categoria=Baja,0.05,0.6095,1.3102,2,SI citric acid=Bajo Y total sulfur dioxide=Alto ENTONCES calidad_categoria=Baja
975,"density=Alto, pH=Medio, volatile acidity=Medio",calidad_categoria=Baja,0.0219,0.6087,1.3084,3,SI density=Alto Y pH=Medio Y volatile acidity=Medio ENTONCES calidad_categoria=Baja
976,"chlorides=Alto, citric acid=Bajo, residual sugar=Bajo",calidad_categoria=Baja,0.0219,0.6087,1.3084,3,SI chlorides=Alto Y citric acid=Bajo Y residual sugar=Bajo ENTONCES calidad_categoria=Baja
977,"citric acid=Medio, residual sugar=Alto, volatile acidity=Medio",calidad_categoria=Baja,0.0219,0.6087,1.3084,3,SI citric acid=Medio Y residual sugar=Alto Y volatile acidity=Medio ENTONCES calidad_categoria=Baja
978,"chlorides=Medio, free sulfur dioxide=Bajo, volatile acidity=Alto",calidad_categoria=Baja,0.0219,0.6087,1.3084,3,SI chlorides=Medio Y free sulfur dioxide=Bajo Y volatile acidity=Alto ENTONCES calidad_categoria=Baja
979,"alcohol=Medio, fixed acidity=Bajo, total sulfur dioxide=Bajo",calidad_categoria=Baja,0.0219,0.6087,1.3084,3,SI alcohol=Medio Y fixed acidity=Bajo Y total sulfur dioxide=Bajo ENTONCES calidad_categoria=Baja
980,"citric acid=Medio, pH=Bajo, residual sugar=Bajo",calidad_categoria=Baja,0.0242,0.6078,1.3066,3,SI citric acid=Medio Y pH=Bajo Y residual sugar=Bajo ENTONCES calidad_categoria=Baja
981,"residual sugar=Alto, sulphates=Medio, total sulfur dioxide=Alto",calidad_categoria=Baja,0.0242,0.6078,1.3066,3,SI residual sugar=Alto Y sulphates=Medio Y total sulfur dioxide=Alto ENTONCES calidad_categoria=Baja
982,"chlorides=Bajo, residual sugar=Bajo, volatile acidity=Alto",calidad_categoria=Baja,0.0242,0.6078,1.3066,3,SI chlorides=Bajo Y residual sugar=Bajo Y volatile acidity=Alto ENTONCES calidad_categoria=Baja
983,"citric acid=Medio, free sulfur dioxide=Alto, sulphates=Medio",calidad_categoria=Baja,0.0242,0.6078,1.3066,3,SI citric acid=Medio Y free sulfur dioxide=Alto Y sulphates=Medio ENTONCES calidad_categoria=Baja
984,"citric acid=Medio, free sulfur dioxide=Alto, residual sugar=Bajo",calidad_categoria=Baja,0.0242,0.6078,1.3066,3,SI citric acid=Medio Y free sulfur dioxide=Alto Y residual sugar=Bajo ENTONCES calidad_categoria=Baja
985,"chlorides=Alto, fixed acidity=Medio, sulphates=Alto",calidad_categoria=Baja,0.0266,0.6071,1.3051,3,SI chlorides=Alto Y fixed acidity=Medio Y sulphates=Alto ENTONCES calidad_categoria=Baja
986,"citric acid=Medio, pH=Medio, residual sugar=Bajo",calidad_categoria=Baja,0.0266,0.6071,1.3051,3,SI citric acid=Medio Y pH=Medio Y residual sugar=Bajo ENTONCES calidad_categoria=Baja
987,"citric acid=Bajo, density=Medio, fixed acidity=Medio",calidad_categoria=Baja,0.0313,0.6061,1.3028,3,SI citric acid=Bajo Y density=Medio Y fixed acidity=Medio ENTONCES calidad_categoria=Baja
988,"density=Medio, fixed acidity=Medio, volatile acidity=Medio",calidad_categoria=Baja,0.0313,0.6061,1.3028,3,SI density=Medio Y fixed acidity=Medio Y volatile acidity=Medio ENTONCES calidad_categoria=Baja
989,"citric acid=Bajo, residual sugar=Bajo, sulphates=Bajo",calidad_categoria=Baja,0.0493,0.6058,1.3021,3,SI citric acid=Bajo Y residual sugar=Bajo Y sulphates=Bajo ENTONCES calidad_categoria=Baja
990,"fixed acidity=Bajo, volatile acidity=Alto",calidad_categoria=Baja,0.0899,0.6053,1.3011,2,SI fixed acidity=Bajo Y volatile acidity=Alto ENTONCES calidad_categoria=Baja
991,"fixed acidity=Bajo, free sulfur dioxide=Bajo",calidad_categoria=Baja,0.0563,0.605,1.3006,2,SI fixed acidity=Bajo Y free sulfur dioxide=Bajo ENTONCES calidad_categoria=Baja
992,"alcohol=Bajo, citric acid=Alto, free sulfur dioxide=Bajo",calidad_categoria=Baja,0.0203,0.6047,1.2997,3,SI alcohol=Bajo Y citric acid=Alto Y free sulfur dioxide=Bajo ENTONCES calidad_categoria=Baja
993,"alcohol=Bajo, free sulfur dioxide=Bajo, volatile acidity=Medio",calidad_categoria=Baja,0.0203,0.6047,1.2997,3,SI alcohol=Bajo Y free sulfur dioxide=Bajo Y volatile acidity=Medio ENTONCES calidad_categoria=Baja
994,"alcohol=Medio, citric acid=Bajo, free sulfur dioxide=Bajo",calidad_categoria=Baja,0.0203,0.6047,1.2997,3,SI alcohol=Medio Y citric acid=Bajo Y free sulfur dioxide=Bajo ENTONCES calidad_categoria=Baja
995,"citric acid=Bajo, fixed acidity=Medio, residual sugar=Alto",calidad_categoria=Baja,0.0203,0.6047,1.2997,3,SI citric acid=Bajo Y fixed acidity=Medio Y residual sugar=Alto ENTONCES calidad_categoria=Baja
996,"alcohol=Bajo, pH=Alto, total sulfur dioxide=Alto",calidad_categoria=Baja,0.0203,0.6047,1.2997,3,SI alcohol=Bajo Y pH=Alto Y total sulfur dioxide=Alto ENTONCES calidad_categoria=Baja
997,"chlorides=Medio, citric acid=Bajo, fixed acidity=Bajo",calidad_categoria=Baja,0.043,0.6044,1.2992,3,SI chlorides=Medio Y citric acid=Bajo Y fixed acidity=Bajo ENTONCES calidad_categoria=Baja
998,"citric acid=Bajo, density=Medio",calidad_categoria=Baja,0.0657,0.6043,1.299,2,SI citric acid=Bajo Y density=Medio ENTONCES calidad_categoria=Baja
999,"fixed acidity=Bajo, residual sugar=Alto, total sulfur dioxide=Alto",calidad_categoria=Baja,0.0227,0.6042,1.2987,3,SI fixed acidity=Bajo Y residual sugar=Alto Y total sulfur dioxide=Alto ENTONCES calidad_categoria=Baja
1000,"alcohol=Medio, fixed acidity=Medio, total sulfur dioxide=Alto",calidad_categoria=Baja,0.0227,0.6042,1.2987,3,SI alcohol=Medio Y fixed acidity=Medio Y total sulfur dioxide=Alto ENTONCES calidad_categoria=Baja
1001,"fixed acidity=Bajo, free sulfur dioxide=Medio, total sulfur dioxide=Alto",calidad_categoria=Baja,0.0227,0.6042,1.2987,3,SI fixed acidity=Bajo Y free sulfur dioxide=Medio Y total sulfur dioxide=Alto ENTONCES calidad_categoria=Baja
1002,"density=Medio, residual sugar=Medio, volatile acidity=Alto",calidad_categoria=Baja,0.025,0.6038,1.2979,3,SI density=Medio Y residual sugar=Medio Y volatile acidity=Alto ENTONCES calidad_categoria=Baja
1003,"citric acid=Bajo, density=Medio, residual sugar=Bajo",calidad_categoria=Baja,0.0274,0.6034,1.2972,3,SI citric acid=Bajo Y density=Medio Y residual sugar=Bajo ENTONCES calidad_categoria=Baja
1004,"density=Medio, pH=Alto, residual sugar=Bajo",calidad_categoria=Baja,0.0274,0.6034,1.2972,3,SI density=Medio Y pH=Alto Y residual sugar=Bajo ENTONCES calidad_categoria=Baja
1005,"alcohol=Medio, residual sugar=Bajo, sulphates=Bajo",calidad_categoria=Baja,0.0297,0.6032,1.2966,3,SI alcohol=Medio Y residual sugar=Bajo Y sulphates=Bajo ENTONCES calidad_categoria=Baja
1006,"alcohol=Bajo, density=Medio, pH=Medio",calidad_categoria=Baja,0.0321,0.6029,1.2961,3,SI alcohol=Bajo Y density=Medio Y pH=Medio ENTONCES calidad_categoria=Baja
1007,"fixed acidity=Bajo, residual sugar=Bajo, total sulfur dioxide=Bajo",calidad_categoria=Baja,0.0344,0.6027,1.2956,3,SI fixed acidity=Bajo Y residual sugar=Bajo Y total sulfur dioxide=Bajo ENTONCES calidad_categoria=Baja
1008,"citric acid=Bajo, density=Medio, fixed acidity=Bajo",calidad_categoria=Baja,0.0344,0.6027,1.2956,3,SI citric acid=Bajo Y density=Medio Y fixed acidity=Bajo ENTONCES calidad_categoria=Baja
1009,"density=Medio, fixed acidity=Bajo, pH=Alto",calidad_categoria=Baja,0.0438,0.6022,1.2944,3,SI density=Medio Y fixed acidity=Bajo Y pH=Alto ENTONCES calidad_categoria=Baja
1010,"citric acid=Medio, density=Medio, total sulfur dioxide=Alto",calidad_categoria=Baja,0.0461,0.602,1.2941,3,SI citric acid=Medio Y density=Medio Y total sulfur dioxide=Alto ENTONCES calidad_categoria=Baja
1011,"alcohol=Medio, citric acid=Bajo, fixed acidity=Bajo",calidad_categoria=Baja,0.0461,0.602,1.2941,3,SI alcohol=Medio Y citric acid=Bajo Y fixed acidity=Bajo ENTONCES calidad_categoria=Baja
1012,"sulphates=Medio, total sulfur dioxide=Alto",calidad_categoria=Baja,0.0579,0.6016,1.2932,2,SI sulphates=Medio Y total sulfur dioxide=Alto ENTONCES calidad_categoria=Baja
1013,"pH=Alto, volatile acidity=Alto",calidad_categoria=Baja,0.0837,0.6011,1.2922,2,SI pH=Alto Y volatile acidity=Alto ENTONCES calidad_categoria=Baja
1014,"fixed acidity=Bajo, free sulfur dioxide=Bajo, total sulfur dioxide=Bajo",calidad_categoria=Baja,0.0446,0.6,1.2897,3,SI fixed acidity=Bajo Y free sulfur dioxide=Bajo Y total sulfur dioxide=Bajo ENTONCES calidad_categoria=Baja
1015,"citric acid=Bajo, volatile acidity=Alto",calidad_categoria=Baja,0.1196,0.6,1.2897,2,SI citric acid=Bajo Y volatile acidity=Alto ENTONCES calidad_categoria=Baja
1016,"density=Medio, free sulfur dioxide=Alto, total sulfur dioxide=Alto",calidad_categoria=Baja,0.0516,0.6,1.2897,3,SI density=Medio Y free sulfur dioxide=Alto Y total sulfur dioxide=Alto ENTONCES calidad_categoria=Baja
1017,"alcohol=Bajo, density=Alto, sulphates=Medio",calidad_categoria=Baja,0.0328,0.6,1.2897,3,SI alcohol=Bajo Y density=Alto Y sulphates=Medio ENTONCES calidad_categoria=Baja
1018,"fixed acidity=Bajo, pH=Alto, residual sugar=Alto",calidad_categoria=Baja,0.0328,0.6,1.2897,3,SI fixed acidity=Bajo Y pH=Alto Y residual sugar=Alto ENTONCES calidad_categoria=Baja
1019,"chlorides=Medio, density=Medio, free sulfur dioxide=Medio",calidad_categoria=Baja,0.0305,0.6,1.2897,3,SI chlorides=Medio Y density=Medio Y free sulfur dioxide=Medio ENTONCES calidad_categoria=Baja
1020,"free sulfur dioxide=Bajo, pH=Medio, sulphates=Bajo",calidad_categoria=Baja,0.0281,0.6,1.2897,3,SI free sulfur dioxide=Bajo Y pH=Medio Y sulphates=Bajo ENTONCES calidad_categoria=Baja
1021,"chlorides=Medio, residual sugar=Alto, total sulfur dioxide=Alto",calidad_categoria=Baja,0.0258,0.6,1.2897,3,SI chlorides=Medio Y residual sugar=Alto Y total sulfur dioxide=Alto ENTONCES calidad_categoria=Baja
1022,"alcohol=Bajo, fixed acidity=Medio, sulphates=Medio",calidad_categoria=Baja,0.0258,0.6,1.2897,3,SI alcohol=Bajo Y fixed acidity=Medio Y sulphates=Medio ENTONCES calidad_categoria=Baja
1023,"alcohol=Medio, chlorides=Medio, total sulfur dioxide=Alto",calidad_categoria=Baja,0.0235,0.6,1.2897,3,SI alcohol=Medio Y chlorides=Medio Y total sulfur dioxide=Alto ENTONCES calidad_categoria=Baja
1024,"alcohol=Bajo, chlorides=Bajo, fixed acidity=Bajo",calidad_categoria=Baja,0.0235,0.6,1.2897,3,SI alcohol=Bajo Y chlorides=Bajo Y fixed acidity=Bajo ENTONCES calidad_categoria=Baja
1025,"alcohol=Bajo, free sulfur dioxide=Bajo, pH=Medio",calidad_categoria=Baja,0.0235,0.6,1.2897,3,SI alcohol=Bajo Y free sulfur dioxide=Bajo Y pH=Medio ENTONCES calidad_categoria=Baja
1026,"alcohol=Bajo, density=Medio, pH=Alto",calidad_categoria=Baja,0.0235,0.6,1.2897,3,SI alcohol=Bajo Y density=Medio Y pH=Alto ENTONCES calidad_categoria=Baja
1027,"chlorides=Medio, density=Alto, pH=Alto",calidad_categoria=Baja,0.0235,0.6,1.2897,3,SI chlorides=Medio Y density=Alto Y pH=Alto ENTONCES calidad_categoria=Baja
1028,"chlorides=Medio, citric acid=Bajo, free sulfur dioxide=Bajo",calidad_categoria=Baja,0.0211,0.6,1.2897,3,SI chlorides=Medio Y citric acid=Bajo Y free sulfur dioxide=Bajo ENTONCES calidad_categoria=Baja
1029,"density=Alto, free sulfur dioxide=Medio, sulphates=Medio",calidad_categoria=Baja,0.0211,0.6,1.2897,3,SI density=Alto Y free sulfur dioxide=Medio Y sulphates=Medio ENTONCES calidad_categoria=Baja
1030,"fixed acidity=Medio, residual sugar=Medio, total sulfur dioxide=Alto",calidad_categoria=Baja,0.0211,0.6,1.2897,3,SI fixed acidity=Medio Y residual sugar=Medio Y total sulfur dioxide=Alto ENTONCES calidad_categoria=Baja
1031,"fixed acidity=Medio, free sulfur dioxide=Alto, volatile acidity=Medio",calidad_categoria=Baja,0.0211,0.6,1.2897,3,SI fixed acidity=Medio Y free sulfur dioxide=Alto Y volatile acidity=Medio ENTONCES calidad_categoria=Baja
